"","franchise","league","division","year","attendance","runs.scored","runs.allowed","wins","losses","games.behind"
"1","BAL","AL","EAST",69,1062069,779,517,109,53,0
"2","BOS","AL","EAST",69,1833246,743,736,87,75,22
"3","CLE","AL","EAST",69,619970,573,717,62,99,46.5
"4","DET","AL","EAST",69,1577481,701,601,90,72,19
"5","NYA","AL","EAST",69,1067996,562,587,80,81,28.5
"6","WAS","AL","EAST",69,918106,694,644,86,76,23
"7","CAL","AL","WEST",69,758388,528,652,71,91,26
"8","CHIA","AL","WEST",69,589546,625,723,68,94,29
"9","KC","AL","WEST",69,902414,586,688,69,93,28
"10","MIN","AL","WEST",69,1349328,790,618,97,65,0
"11","OAK","AL","WEST",69,778232,740,678,88,74,9
"12","SEA","AL","WEST",69,677944,639,799,64,98,33
"13","CHIN","NL","EAST",69,1674993,720,611,92,70,8
"14","MON","NL","EAST",69,1212608,582,791,52,110,48
"15","NYN","NL","EAST",69,2175373,632,541,100,62,0
"16","PHI","NL","EAST",69,519414,645,745,63,99,37
"17","PIT","NL","EAST",69,769369,725,652,88,74,12
"18","STL","NL","EAST",69,1682783,595,540,87,75,13
"19","ATL","NL","WEST",69,1458320,691,631,93,69,0
"20","CIN","NL","WEST",69,987991,798,768,89,73,4
"21","HOU","NL","WEST",69,1442995,676,668,81,81,12
"22","LA","NL","WEST",69,1784527,645,561,85,77,8
"23","SD","NL","WEST",69,512970,468,746,52,110,41
"24","SF","NL","WEST",69,873603,713,636,90,72,3
"25","BAL","AL","EAST",70,1057069,792,574,108,54,0
"26","BOS","AL","EAST",70,1595278,786,722,87,75,21
"27","CLE","AL","EAST",70,729752,649,675,76,86,32
"28","DET","AL","EAST",70,1501293,666,731,79,83,29
"29","MILA","AL","EAST",70,933690,613,751,65,97,33
"30","NYA","AL","EAST",70,1136879,680,612,93,69,15
"31","WAS","AL","EAST",70,824789,626,689,70,92,38
"32","CAL","AL","WEST",70,1077741,631,630,86,76,12
"33","CHIA","AL","WEST",70,495355,633,822,56,106,42
"34","KC","AL","WEST",70,693047,611,705,65,97,33
"35","MIN","AL","WEST",70,1261887,744,605,98,64,0
"36","OAK","AL","WEST",70,778355,678,593,89,73,9
"37","CHIN","NL","EAST",70,1642705,806,679,84,78,5
"38","MON","NL","EAST",70,1424683,687,807,73,89,16
"39","NYN","NL","EAST",70,2697479,695,630,83,79,6
"40","PHI","NL","EAST",70,708247,594,730,73,88,15.5
"41","PIT","NL","EAST",70,1341947,729,664,89,73,0
"42","STL","NL","EAST",70,1629736,744,747,76,86,13
"43","ATL","NL","WEST",70,1078848,736,772,76,86,26
"44","CIN","NL","WEST",70,1803568,775,681,102,60,0
"45","HOU","NL","WEST",70,1253444,744,763,79,83,23
"46","LA","NL","WEST",70,1697142,749,684,87,74,14.5
"47","SD","NL","WEST",70,643679,681,788,63,99,39
"48","SF","NL","WEST",70,740720,831,826,86,76,16
"49","BAL","AL","EAST",71,1023037,742,530,101,57,0
"50","BOS","AL","EAST",71,1678732,691,667,85,77,18
"51","CLE","AL","EAST",71,591361,543,747,60,102,43
"52","DET","AL","EAST",71,1591073,701,645,91,71,12
"53","MILA","AL","EAST",71,731531,534,609,69,92,32
"54","NYA","AL","EAST",71,1070771,648,641,82,80,21
"55","WAS","AL","EAST",71,655156,537,660,63,96,38.5
"56","CAL","AL","WEST",71,926373,511,576,76,86,25.5
"57","CHIA","AL","WEST",71,833891,617,597,79,83,22.5
"58","KC","AL","WEST",71,910784,603,566,85,76,16
"59","MIN","AL","WEST",71,940858,654,670,74,86,26.5
"60","OAK","AL","WEST",71,914993,691,564,101,60,0
"61","CHIN","NL","EAST",71,1653007,637,648,83,79,14
"62","MON","NL","EAST",71,1290963,622,729,71,90,25.5
"63","NYN","NL","EAST",71,2266680,588,550,83,79,14
"64","PHI","NL","EAST",71,1511223,558,688,67,95,30
"65","PIT","NL","EAST",71,1501132,788,599,97,65,0
"66","STL","NL","EAST",71,1604671,739,699,90,72,7
"67","ATL","NL","WEST",71,1006320,643,699,82,80,8
"68","CIN","NL","WEST",71,1501122,586,581,79,83,11
"69","HOU","NL","WEST",71,1261589,585,567,79,83,11
"70","LA","NL","WEST",71,2064594,663,587,89,73,1
"71","SD","NL","WEST",71,557513,486,610,61,100,28.5
"72","SF","NL","WEST",71,1106043,706,644,90,72,0
"73","BAL","AL","EAST",72,899950,519,430,80,74,5
"74","BOS","AL","EAST",72,1441718,640,620,85,70,0.5
"75","CLE","AL","EAST",72,626354,472,519,72,84,14
"76","DET","AL","EAST",72,1892386,558,514,86,70,0
"77","MILA","AL","EAST",72,600440,493,595,65,91,21
"78","NYA","AL","EAST",72,966328,557,527,79,76,6.5
"79","CAL","AL","WEST",72,744190,454,533,75,80,18
"80","CHIA","AL","WEST",72,1177318,566,538,87,67,5.5
"81","KC","AL","WEST",72,707656,580,545,76,78,16.5
"82","MIN","AL","WEST",72,797901,537,535,77,77,15.5
"83","OAK","AL","WEST",72,921323,604,457,93,62,0
"84","TEX","AL","WEST",72,662974,461,628,54,100,38.5
"85","CHIN","NL","EAST",72,1299163,685,567,85,70,11
"86","MON","NL","EAST",72,1142145,513,609,70,86,26.5
"87","NYN","NL","EAST",72,2134185,528,578,83,73,13.5
"88","PHI","NL","EAST",72,1343329,503,635,59,97,37.5
"89","PIT","NL","EAST",72,1427460,691,512,96,59,0
"90","STL","NL","EAST",72,1196894,568,600,75,81,21.5
"91","ATL","NL","WEST",72,752973,628,730,70,84,25
"92","CIN","NL","WEST",72,1611459,707,557,95,59,0
"93","HOU","NL","WEST",72,1469247,708,636,84,69,10.5
"94","LA","NL","WEST",72,1860858,584,527,85,70,10.5
"95","SD","NL","WEST",72,644273,488,665,58,95,36.5
"96","SF","NL","WEST",72,647744,662,649,69,86,26.5
"97","BAL","AL","EAST",73,958667,754,561,97,65,0
"98","BOS","AL","EAST",73,1481002,738,647,89,73,8
"99","CLE","AL","EAST",73,615107,680,826,71,91,26
"100","DET","AL","EAST",73,1724146,642,674,85,77,12
"101","MILA","AL","EAST",73,1092158,708,731,74,88,23
"102","NYA","AL","EAST",73,1262103,641,610,80,82,17
"103","CAL","AL","WEST",73,1058206,629,657,79,83,15
"104","CHIA","AL","WEST",73,1302527,652,705,77,85,17
"105","KC","AL","WEST",73,1345341,755,752,88,74,6
"106","MIN","AL","WEST",73,907499,738,692,81,81,13
"107","OAK","AL","WEST",73,1000763,758,615,94,68,0
"108","TEX","AL","WEST",73,686085,619,844,57,105,37
"109","CHIN","NL","EAST",73,1351705,614,655,77,84,5
"110","MON","NL","EAST",73,1246863,668,702,79,83,3.5
"111","NYN","NL","EAST",73,1912390,608,588,82,79,0
"112","PHI","NL","EAST",73,1475934,642,717,71,91,11.5
"113","PIT","NL","EAST",73,1319913,704,693,80,82,2.5
"114","STL","NL","EAST",73,1574046,643,603,81,81,1.5
"115","ATL","NL","WEST",73,800655,799,774,76,85,22.5
"116","CIN","NL","WEST",73,2017601,741,621,99,63,0
"117","HOU","NL","WEST",73,1394004,681,672,82,80,17
"118","LA","NL","WEST",73,2136192,675,565,95,66,3.5
"119","SD","NL","WEST",73,611826,548,770,60,102,39
"120","SF","NL","WEST",73,834193,739,702,88,74,11
"121","BAL","AL","EAST",74,962572,659,612,91,71,0
"122","BOS","AL","EAST",74,1556411,696,661,84,78,7
"123","CLE","AL","EAST",74,1114262,662,694,77,85,14
"124","DET","AL","EAST",74,1243080,620,768,72,90,19
"125","MILA","AL","EAST",74,955741,647,660,76,86,15
"126","NYA","AL","EAST",74,1273075,671,623,89,73,2
"127","CAL","AL","WEST",74,917269,618,657,68,94,22
"128","CHIA","AL","WEST",74,1149596,684,721,80,80,9
"129","KC","AL","WEST",74,1173292,667,662,77,85,13
"130","MIN","AL","WEST",74,662401,673,669,82,80,8
"131","OAK","AL","WEST",74,845693,689,551,90,72,0
"132","TEX","AL","WEST",74,1193902,690,698,84,76,5
"133","CHIN","NL","EAST",74,1015378,669,826,66,96,22
"134","MON","NL","EAST",74,1019134,662,657,79,82,8.5
"135","NYN","NL","EAST",74,1722209,572,646,71,91,17
"136","PHI","NL","EAST",74,1808648,676,701,80,82,8
"137","PIT","NL","EAST",74,1110552,751,657,88,74,0
"138","STL","NL","EAST",74,1838413,677,643,86,75,1.5
"139","ATL","NL","WEST",74,981085,661,563,88,74,14
"140","CIN","NL","WEST",74,2164307,776,631,98,64,4
"141","HOU","NL","WEST",74,1090728,653,632,81,81,21
"142","LA","NL","WEST",74,2632474,798,561,102,60,0
"143","SD","NL","WEST",74,1075399,541,830,60,102,42
"144","SF","NL","WEST",74,519987,634,723,72,90,30
"145","BAL","AL","EAST",75,1002157,682,553,90,69,4.5
"146","BOS","AL","EAST",75,1748587,796,709,95,65,0
"147","CLE","AL","EAST",75,977039,688,703,79,80,15.5
"148","DET","AL","EAST",75,1058836,570,786,57,102,37.5
"149","MILA","AL","EAST",75,1213357,675,792,68,94,28
"150","NYA","AL","EAST",75,1288048,681,588,83,77,12
"151","CAL","AL","WEST",75,1058163,628,723,72,89,25.5
"152","CHIA","AL","WEST",75,750802,655,703,75,86,22.5
"153","KC","AL","WEST",75,1151836,710,649,91,71,7
"154","MIN","AL","WEST",75,737156,724,736,76,83,20.5
"155","OAK","AL","WEST",75,1075518,758,606,98,64,0
"156","TEX","AL","WEST",75,1127924,714,733,79,83,19
"157","CHIN","NL","EAST",75,1034819,712,827,75,87,17.5
"158","MON","NL","EAST",75,908292,601,690,75,87,17.5
"159","NYN","NL","EAST",75,1730566,646,625,82,80,10.5
"160","PHI","NL","EAST",75,1909233,735,694,86,76,6.5
"161","PIT","NL","EAST",75,1270018,712,565,92,69,0
"162","STL","NL","EAST",75,1695270,662,689,82,80,10.5
"163","ATL","NL","WEST",75,534672,583,739,67,94,40.5
"164","CIN","NL","WEST",75,2315603,840,586,108,54,0
"165","HOU","NL","WEST",75,858002,664,711,64,97,43.5
"166","LA","NL","WEST",75,2539349,648,534,88,74,20
"167","SD","NL","WEST",75,1281747,552,683,71,91,37
"168","SF","NL","WEST",75,522919,659,671,80,81,27.5
"169","BAL","AL","EAST",76,1058609,619,598,88,74,10.5
"170","BOS","AL","EAST",76,1895846,716,660,83,79,15.5
"171","CLE","AL","EAST",76,948776,615,615,81,78,16
"172","DET","AL","EAST",76,1467020,609,709,74,87,24
"173","MILA","AL","EAST",76,1012164,570,655,66,95,32
"174","NYA","AL","EAST",76,2012434,730,575,97,62,0
"175","CAL","AL","WEST",76,1006774,550,631,76,86,14
"176","CHIA","AL","WEST",76,914945,586,745,64,97,25.5
"177","KC","AL","WEST",76,1680265,713,611,90,72,0
"178","MIN","AL","WEST",76,715394,743,704,85,77,5
"179","OAK","AL","WEST",76,780593,686,598,87,74,2.5
"180","TEX","AL","WEST",76,1164982,616,652,76,86,14
"181","CHIN","NL","EAST",76,1026217,611,728,75,87,26
"182","MON","NL","EAST",76,646704,531,734,55,107,46
"183","NYN","NL","EAST",76,1468754,615,538,86,76,15
"184","PHI","NL","EAST",76,2480150,770,557,101,61,0
"185","PIT","NL","EAST",76,1025945,708,630,92,70,9
"186","STL","NL","EAST",76,1207079,629,671,72,90,29
"187","ATL","NL","WEST",76,818179,620,700,70,92,32
"188","CIN","NL","WEST",76,2629708,857,633,102,60,0
"189","HOU","NL","WEST",76,886146,625,657,80,82,22
"190","LA","NL","WEST",76,2386301,608,543,92,70,10
"191","SD","NL","WEST",76,1458478,570,662,73,89,29
"192","SF","NL","WEST",76,626868,595,686,74,88,28
"193","BAL","AL","EAST",77,1195769,719,653,97,64,2.5
"194","BOS","AL","EAST",77,2074549,859,712,97,64,2.5
"195","CLE","AL","EAST",77,900365,676,739,71,90,28.5
"196","DET","AL","EAST",77,1359856,714,751,74,88,26
"197","MILA","AL","EAST",77,1114938,639,765,67,95,33
"198","NYA","AL","EAST",77,2103092,831,651,100,62,0
"199","TOR","AL","EAST",77,1701052,605,822,54,107,45.5
"200","CAL","AL","WEST",77,1432633,675,695,74,88,28
"201","CHIA","AL","WEST",77,1657135,844,771,90,72,12
"202","KC","AL","WEST",77,1852603,822,651,102,60,0
"203","MIN","AL","WEST",77,1162727,867,776,84,77,17.5
"204","OAK","AL","WEST",77,495599,605,749,63,98,38.5
"205","SEA","AL","WEST",77,1338511,624,855,64,98,38
"206","TEX","AL","WEST",77,1250722,767,657,94,68,8
"207","CHIN","NL","EAST",77,1439834,692,739,81,81,20
"208","MON","NL","EAST",77,1433757,665,736,75,87,26
"209","NYN","NL","EAST",77,1066825,587,663,64,98,37
"210","PHI","NL","EAST",77,2700070,847,668,101,61,0
"211","PIT","NL","EAST",77,1237349,734,665,96,66,5
"212","STL","NL","EAST",77,1659287,737,688,83,79,18
"213","ATL","NL","WEST",77,872464,678,895,61,101,37
"214","CIN","NL","WEST",77,2519670,802,725,88,74,10
"215","HOU","NL","WEST",77,1109560,680,650,81,81,17
"216","LA","NL","WEST",77,2955087,769,582,98,64,0
"217","SD","NL","WEST",77,1376269,692,834,69,93,29
"218","SF","NL","WEST",77,700056,673,711,75,87,23
"219","BAL","AL","EAST",78,1051724,659,633,90,71,9
"220","BOS","AL","EAST",78,2320643,796,657,99,64,1
"221","CLE","AL","EAST",78,800584,639,694,69,90,29
"222","DET","AL","EAST",78,1714893,714,653,86,76,13.5
"223","MILA","AL","EAST",78,1601406,804,650,93,69,6.5
"224","NYA","AL","EAST",78,2335871,735,582,100,63,0
"225","TOR","AL","EAST",78,1562585,590,775,59,102,40
"226","CAL","AL","WEST",78,1755386,691,666,87,75,5
"227","CHIA","AL","WEST",78,1491100,634,731,71,90,20.5
"228","KC","AL","WEST",78,2255493,743,634,92,70,0
"229","MIN","AL","WEST",78,787878,666,678,73,89,19
"230","OAK","AL","WEST",78,526999,532,690,69,93,23
"231","SEA","AL","WEST",78,877440,614,834,56,104,35
"232","TEX","AL","WEST",78,1447963,692,632,87,75,5
"233","CHIN","NL","EAST",78,1525311,664,724,79,83,11
"234","MON","NL","EAST",78,1427007,633,611,76,86,12
"235","NYN","NL","EAST",78,1007328,607,690,66,96,24
"236","PHI","NL","EAST",78,2583389,708,586,90,72,0
"237","PIT","NL","EAST",78,964106,684,637,88,73,1.5
"238","STL","NL","EAST",78,1278215,600,657,69,93,21
"239","ATL","NL","WEST",78,904494,600,750,69,93,26
"240","CIN","NL","WEST",78,2532497,710,688,92,69,2.5
"241","HOU","NL","WEST",78,1126145,605,634,74,88,21
"242","LA","NL","WEST",78,3347845,727,573,95,67,0
"243","SD","NL","WEST",78,1670107,591,598,84,78,11
"244","SF","NL","WEST",78,1740477,613,594,89,73,6
"245","BAL","AL","EAST",79,1681009,757,582,102,57,0
"246","BOS","AL","EAST",79,2353114,841,711,91,69,11.5
"247","CLE","AL","EAST",79,1011644,760,805,81,80,22
"248","DET","AL","EAST",79,1630929,770,738,85,76,18
"249","MILA","AL","EAST",79,1918343,807,722,95,66,8
"250","NYA","AL","EAST",79,2537765,734,672,89,71,13.5
"251","TOR","AL","EAST",79,1431651,613,862,53,109,50.5
"252","CAL","AL","WEST",79,2523575,866,768,88,74,0
"253","CHIA","AL","WEST",79,1280702,730,748,73,87,14
"254","KC","AL","WEST",79,2261845,851,816,85,77,3
"255","MIN","AL","WEST",79,1070521,764,725,82,80,6
"256","OAK","AL","WEST",79,306763,573,860,54,108,34
"257","SEA","AL","WEST",79,844447,711,820,67,95,21
"258","TEX","AL","WEST",79,1519671,750,698,83,79,5
"259","CHIN","NL","EAST",79,1648587,706,707,80,82,18
"260","MON","NL","EAST",79,2102173,701,581,95,65,2
"261","NYN","NL","EAST",79,788905,593,706,63,99,35
"262","PHI","NL","EAST",79,2775011,683,718,84,78,14
"263","PIT","NL","EAST",79,1435454,775,643,98,64,0
"264","STL","NL","EAST",79,1627256,731,693,86,76,12
"265","ATL","NL","WEST",79,769465,669,763,66,94,23.5
"266","CIN","NL","WEST",79,2356933,731,644,90,71,0
"267","HOU","NL","WEST",79,1900312,583,582,89,73,1.5
"268","LA","NL","WEST",79,2860954,739,717,79,83,11.5
"269","SD","NL","WEST",79,1456967,603,681,68,93,22
"270","SF","NL","WEST",79,1456402,672,751,73,91,19.5
"271","BAL","AL","EAST",80,1797438,805,640,100,62,3
"272","BOS","AL","EAST",80,1956092,757,767,83,77,19
"273","CLE","AL","EAST",80,1033827,738,807,79,81,23
"274","DET","AL","EAST",80,1785293,830,757,84,78,19
"275","MILA","AL","EAST",80,1857408,811,682,86,76,17
"276","NYA","AL","EAST",80,2627417,820,662,103,59,0
"277","TOR","AL","EAST",80,1400327,624,762,67,95,36
"278","CAL","AL","WEST",80,2297327,698,797,65,95,31
"279","CHIA","AL","WEST",80,1200365,587,722,70,90,26
"280","KC","AL","WEST",80,2288714,809,694,97,65,0
"281","MIN","AL","WEST",80,769206,670,724,77,84,19.5
"282","OAK","AL","WEST",80,842259,686,642,83,79,14
"283","SEA","AL","WEST",80,836204,610,793,59,103,38
"284","TEX","AL","WEST",80,1198175,756,752,76,85,20.5
"285","CHIN","NL","EAST",80,1206776,614,728,64,98,27
"286","MON","NL","EAST",80,2208175,694,629,90,72,1
"287","NYN","NL","EAST",80,1192073,611,702,67,95,24
"288","PHI","NL","EAST",80,2651650,728,639,91,71,0
"289","PIT","NL","EAST",80,1646757,666,646,83,79,8
"290","STL","NL","EAST",80,1385147,738,710,74,88,17
"291","ATL","NL","WEST",80,1048411,630,660,81,80,11
"292","CIN","NL","WEST",80,2022450,707,670,89,73,3.5
"293","HOU","NL","WEST",80,2278217,637,589,93,70,0
"294","LA","NL","WEST",80,3249287,663,591,92,71,1
"295","SD","NL","WEST",80,1139026,591,654,73,89,19.5
"296","SF","NL","WEST",80,1096115,573,634,75,86,17
"297","BAL","AL","EAST",81,1024247,429,437,59,46,1
"298","BOS","AL","EAST",81,1060379,519,481,59,49,2.5
"299","CLE","AL","EAST",81,661395,431,442,52,51,7
"300","DET","AL","EAST",81,1149144,427,404,60,49,2
"301","MILA","AL","EAST",81,874292,493,459,62,47,0
"302","NYA","AL","EAST",81,1614353,421,343,59,48,2
"303","TOR","AL","EAST",81,755083,329,466,37,69,23.5
"304","CAL","AL","WEST",81,1441545,476,453,51,59,13.5
"305","CHIA","AL","WEST",81,946651,476,423,54,52,8.5
"306","KC","AL","WEST",81,1279403,397,405,50,53,11
"307","MIN","AL","WEST",81,469090,378,486,41,68,23
"308","OAK","AL","WEST",81,1304052,458,403,64,45,0
"309","SEA","AL","WEST",81,636276,426,521,44,65,20
"310","TEX","AL","WEST",81,850076,452,389,57,48,5
"311","CHIN","NL","EAST",81,565637,370,483,38,65,21.5
"312","MON","NL","EAST",81,1534564,443,394,60,48,2
"313","NYN","NL","EAST",81,704244,348,432,41,62,18.5
"314","PHI","NL","EAST",81,1638752,491,472,59,48,2.5
"315","PIT","NL","EAST",81,541789,407,425,46,56,13
"316","STL","NL","EAST",81,1010247,464,417,59,43,0
"317","ATL","NL","WEST",81,535418,395,416,50,56,15
"318","CIN","NL","WEST",81,1093730,464,440,66,42,0
"319","HOU","NL","WEST",81,1321282,394,331,61,49,6
"320","LA","NL","WEST",81,2381292,450,356,63,47,4
"321","SD","NL","WEST",81,519161,382,455,41,69,26
"322","SF","NL","WEST",81,632274,427,414,56,55,11.5
"323","BAL","AL","EAST",82,1613031,774,687,94,68,1
"324","BOS","AL","EAST",82,1950124,753,713,89,73,6
"325","CLE","AL","EAST",82,1044021,683,748,78,84,17
"326","DET","AL","EAST",82,1636058,729,685,83,79,12
"327","MILA","AL","EAST",82,1978896,891,717,95,67,0
"328","NYA","AL","EAST",82,2041219,709,716,79,83,16
"329","TOR","AL","EAST",82,1275978,651,701,78,84,17
"330","CAL","AL","WEST",82,2807360,814,670,93,69,0
"331","CHIA","AL","WEST",82,1567787,786,710,87,75,6
"332","KC","AL","WEST",82,2284464,784,717,90,72,3
"333","MIN","AL","WEST",82,921186,657,819,60,102,33
"334","OAK","AL","WEST",82,1735489,691,819,68,94,25
"335","SEA","AL","WEST",82,1070404,651,712,76,86,17
"336","TEX","AL","WEST",82,1154432,590,749,64,98,29
"337","CHIN","NL","EAST",82,1249278,676,709,73,89,19
"338","MON","NL","EAST",82,2318292,697,616,86,76,6
"339","NYN","NL","EAST",82,1323036,609,723,65,97,27
"340","PHI","NL","EAST",82,2376394,664,654,89,73,3
"341","PIT","NL","EAST",82,1024106,724,696,84,78,8
"342","STL","NL","EAST",82,2111906,685,609,92,70,0
"343","ATL","NL","WEST",82,1801985,739,702,89,73,0
"344","CIN","NL","WEST",82,1326528,545,661,61,101,28
"345","HOU","NL","WEST",82,1558555,569,620,77,85,12
"346","LA","NL","WEST",82,3608881,691,612,88,74,1
"347","SD","NL","WEST",82,1607516,675,658,81,81,8
"348","SF","NL","WEST",82,1200948,673,687,87,75,2
"349","BAL","AL","EAST",83,2042071,799,652,98,64,0
"350","BOS","AL","EAST",83,1782285,724,775,78,84,20
"351","CLE","AL","EAST",83,768941,704,785,70,92,28
"352","DET","AL","EAST",83,1829636,789,679,92,70,6
"353","MILA","AL","EAST",83,2397131,764,708,87,75,11
"354","NYA","AL","EAST",83,2257976,770,703,91,71,7
"355","TOR","AL","EAST",83,1930415,795,726,89,73,9
"356","CAL","AL","WEST",83,2555016,722,779,70,92,29
"357","CHIA","AL","WEST",83,2132821,800,650,99,63,0
"358","KC","AL","WEST",83,1963875,696,767,79,93,20
"359","MIN","AL","WEST",83,858939,709,822,70,92,29
"360","OAK","AL","WEST",83,1294941,708,782,74,88,25
"361","SEA","AL","WEST",83,813537,558,740,60,102,39
"362","TEX","AL","WEST",83,1363469,639,609,77,85,22
"363","CHIN","NL","EAST",83,1479717,701,719,71,91,19
"364","MON","NL","EAST",83,2320651,677,646,82,80,8
"365","NYN","NL","EAST",83,1112774,575,680,68,94,22
"366","PHI","NL","EAST",83,2128339,696,635,90,72,0
"367","PIT","NL","EAST",83,1225916,659,648,84,78,6
"368","STL","NL","EAST",83,2317914,679,710,79,83,11
"369","ATL","NL","WEST",83,2119935,746,640,88,74,3
"370","CIN","NL","WEST",83,1190419,623,710,74,88,17
"371","HOU","NL","WEST",83,1351962,643,646,85,77,6
"372","LA","NL","WEST",83,3510313,654,609,91,71,0
"373","SD","NL","WEST",83,1539815,653,653,81,81,10
"374","SF","NL","WEST",83,1251530,687,697,79,83,12
"375","BAL","AL","EAST",84,2045784,681,667,85,77,19
"376","BOS","AL","EAST",84,1661618,810,764,86,76,18
"377","CLE","AL","EAST",84,734079,761,766,75,86,29
"378","DET","AL","EAST",84,2704794,829,643,104,58,0
"379","MILA","AL","EAST",84,1608509,641,734,67,94,36.5
"380","NYA","AL","EAST",84,1821815,758,679,87,75,17
"381","TOR","AL","EAST",84,2110009,750,696,89,73,15
"382","CAL","AL","WEST",84,2402997,696,697,81,81,3
"383","CHIA","AL","WEST",84,2136988,679,736,74,88,10
"384","KC","AL","WEST",84,1810018,673,686,84,78,0
"385","MIN","AL","WEST",84,1598692,673,675,81,81,3
"386","OAK","AL","WEST",84,1353281,738,796,77,85,7
"387","SEA","AL","WEST",84,870372,682,774,74,88,10
"388","TEX","AL","WEST",84,1102471,656,714,69,92,14.5
"389","CHIN","NL","EAST",84,2107655,762,658,96,65,0
"390","MON","NL","EAST",84,1606531,593,585,78,83,18
"391","NYN","NL","EAST",84,1842695,652,676,90,72,6.5
"392","PHI","NL","EAST",84,2062693,720,690,81,81,15.5
"393","PIT","NL","EAST",84,773500,615,567,75,87,21.5
"394","STL","NL","EAST",84,2037448,652,645,84,78,12.5
"395","ATL","NL","WEST",84,1724892,632,655,80,82,12
"396","CIN","NL","WEST",84,1275887,627,747,70,92,22
"397","HOU","NL","WEST",84,1229862,690,630,80,82,12
"398","LA","NL","WEST",84,3134824,580,600,79,83,13
"399","SD","NL","WEST",84,1983904,686,634,92,70,0
"400","SF","NL","WEST",84,1001545,682,807,66,96,26
"401","BAL","AL","EAST",85,2132387,818,764,83,78,16
"402","BOS","AL","EAST",85,1786633,800,720,81,81,18.5
"403","CLE","AL","EAST",85,655181,729,861,60,102,39.5
"404","DET","AL","EAST",85,2286609,729,688,84,77,15
"405","MILA","AL","EAST",85,1360265,690,802,71,90,28
"406","NYA","AL","EAST",85,2214587,839,660,97,64,2
"407","TOR","AL","EAST",85,2468925,759,588,99,62,0
"408","CAL","AL","WEST",85,2567427,732,703,90,72,1
"409","CHIA","AL","WEST",85,1669888,736,720,85,77,6
"410","KC","AL","WEST",85,2162717,687,639,91,71,0
"411","MIN","AL","WEST",85,1651814,705,782,77,85,14
"412","OAK","AL","WEST",85,1334599,757,787,77,85,14
"413","SEA","AL","WEST",85,1128696,719,818,74,88,17
"414","TEX","AL","WEST",85,1112497,617,785,62,99,28.5
"415","CHIN","NL","EAST",85,2161534,686,729,77,84,23.5
"416","MON","NL","EAST",85,1502494,633,636,84,77,16.5
"417","NYN","NL","EAST",85,2761601,695,568,98,64,3
"418","PHI","NL","EAST",85,1830350,667,673,75,87,26
"419","PIT","NL","EAST",85,735900,568,708,57,104,43.5
"420","STL","NL","EAST",85,2637563,747,572,101,61,0
"421","ATL","NL","WEST",85,1350137,632,781,66,96,29
"422","CIN","NL","WEST",85,1834619,677,666,89,72,5.5
"423","HOU","NL","WEST",85,1184314,706,691,83,79,12
"424","LA","NL","WEST",85,3264593,682,579,95,67,0
"425","SD","NL","WEST",85,2210352,650,622,83,79,12
"426","SF","NL","WEST",85,818697,556,674,62,100,33
"427","BAL","AL","EAST",86,1973176,708,760,73,89,22.5
"428","BOS","AL","EAST",86,2147641,794,696,95,66,0
"429","CLE","AL","EAST",86,1471805,831,841,84,78,11.5
"430","DET","AL","EAST",86,1899437,798,714,87,75,8.5
"431","MILA","AL","EAST",86,1265041,667,734,77,84,18
"432","NYA","AL","EAST",86,2268030,797,738,90,72,5.5
"433","TOR","AL","EAST",86,2455477,809,733,86,76,9.5
"434","CAL","AL","WEST",86,2655872,786,684,92,70,0
"435","CHIA","AL","WEST",86,1424313,644,699,72,90,20
"436","KC","AL","WEST",86,2320794,654,673,76,86,16
"437","MIN","AL","WEST",86,1255453,741,839,71,91,21
"438","OAK","AL","WEST",86,1314646,731,760,76,86,16
"439","SEA","AL","WEST",86,1029045,718,835,67,95,25
"440","TEX","AL","WEST",86,1692002,771,743,87,75,5
"441","CHIN","NL","EAST",86,1859102,680,781,70,90,37
"442","MON","NL","EAST",86,1128981,637,688,78,83,29.5
"443","NYN","NL","EAST",86,2767601,783,578,108,54,0
"444","PHI","NL","EAST",86,1933335,739,713,86,75,21.5
"445","PIT","NL","EAST",86,1000917,663,700,64,98,44
"446","STL","NL","EAST",86,2471974,601,611,79,82,28.5
"447","ATL","NL","WEST",86,1387181,615,719,72,89,23.5
"448","CIN","NL","WEST",86,1692432,732,717,86,76,10
"449","HOU","NL","WEST",86,1734276,654,569,96,66,0
"450","LA","NL","WEST",86,3023208,638,679,73,89,23
"451","SD","NL","WEST",86,1805716,656,723,74,88,22
"452","SF","NL","WEST",86,1528748,698,618,83,79,13
"453","BAL","AL","EAST",87,1835692,729,880,67,95,31
"454","BOS","AL","EAST",87,2231551,842,825,78,84,20
"455","CLE","AL","EAST",87,1077898,742,957,61,101,37
"456","DET","AL","EAST",87,2061830,896,735,98,64,0
"457","MILA","AL","EAST",87,1909244,862,817,91,71,7
"458","NYA","AL","EAST",87,2427672,788,758,89,73,9
"459","TOR","AL","EAST",87,2778429,845,655,96,66,2
"460","CAL","AL","WEST",87,2696299,770,803,75,87,10
"461","CHIA","AL","WEST",87,1208060,748,746,77,85,8
"462","KC","AL","WEST",87,2392471,715,691,83,79,2
"463","MIN","AL","WEST",87,2081976,786,806,85,77,0
"464","OAK","AL","WEST",87,1678921,806,789,81,81,4
"465","SEA","AL","WEST",87,1134255,760,801,78,84,8
"466","TEX","AL","WEST",87,1763053,823,849,75,87,10
"467","CHIN","NL","EAST",87,2035130,720,801,76,85,18.5
"468","MON","NL","EAST",87,1850324,741,720,91,71,4
"469","NYN","NL","EAST",87,3034129,823,698,92,70,3
"470","PHI","NL","EAST",87,2100110,702,749,80,82,15
"471","PIT","NL","EAST",87,1161193,723,744,80,82,15
"472","STL","NL","EAST",87,3072122,798,693,95,67,0
"473","ATL","NL","WEST",87,1217402,747,829,69,92,20.5
"474","CIN","NL","WEST",87,2185205,783,752,84,78,6
"475","HOU","NL","WEST",87,1909902,648,678,76,86,14
"476","LA","NL","WEST",87,2797409,635,675,73,89,17
"477","SD","NL","WEST",87,1454061,668,763,65,97,25
"478","SF","NL","WEST",87,1917168,783,669,90,72,0
"479","BAL","AL","EAST",88,1660738,550,789,54,107,34.5
"480","BOS","AL","EAST",88,2464851,813,689,89,73,0
"481","CLE","AL","EAST",88,1411610,666,731,78,84,11
"482","DET","AL","EAST",88,2081162,703,658,88,74,1
"483","MILA","AL","EAST",88,1923238,682,616,87,75,2
"484","NYA","AL","EAST",88,2633701,772,748,85,76,3.5
"485","TOR","AL","EAST",88,2595175,763,680,87,75,2
"486","CAL","AL","WEST",88,2340925,714,771,75,87,29
"487","CHIA","AL","WEST",88,1115749,631,757,71,90,32.5
"488","KC","AL","WEST",88,2350181,704,648,84,77,19.5
"489","MIN","AL","WEST",88,3030672,759,672,91,71,13
"490","OAK","AL","WEST",88,2287335,800,620,104,58,0
"491","SEA","AL","WEST",88,1022398,664,744,68,93,35.5
"492","TEX","AL","WEST",88,1581901,637,735,70,91,33.5
"493","CHIN","NL","EAST",88,2089034,660,694,77,85,24
"494","MON","NL","EAST",88,1478659,628,592,81,81,20
"495","NYN","NL","EAST",88,3055445,703,532,100,60,0
"496","PHI","NL","EAST",88,1990041,597,734,65,96,35.5
"497","PIT","NL","EAST",88,1866713,651,616,85,75,15
"498","STL","NL","EAST",88,2892799,578,633,76,86,25
"499","ATL","NL","WEST",88,848089,555,741,54,106,39.5
"500","CIN","NL","WEST",88,2072528,641,596,87,74,7
"501","HOU","NL","WEST",88,1933505,617,631,82,80,12.5
"502","LA","NL","WEST",88,2980262,628,544,94,67,0
"503","SD","NL","WEST",88,1506896,594,583,83,78,11
"504","SF","NL","WEST",88,1785297,670,626,83,79,11.5
"505","BAL","AL","EAST",89,2535208,708,686,87,75,2
"506","BOS","AL","EAST",89,2510012,774,735,83,79,6
"507","CLE","AL","EAST",89,1285542,604,654,73,89,16
"508","DET","AL","EAST",89,1543656,617,816,59,103,30
"509","MILA","AL","EAST",89,1970735,707,679,81,81,8
"510","NYA","AL","EAST",89,2170485,698,792,74,87,14.5
"511","TOR","AL","EAST",89,3375883,731,651,89,73,0
"512","CAL","AL","WEST",89,2647291,669,578,91,71,8
"513","CHIA","AL","WEST",89,1045651,693,750,69,92,29.5
"514","KC","AL","WEST",89,2477700,690,635,92,70,7
"515","MIN","AL","WEST",89,2277438,740,738,80,82,19
"516","OAK","AL","WEST",89,2667225,712,576,99,63,0
"517","SEA","AL","WEST",89,1298443,694,728,73,89,26
"518","TEX","AL","WEST",89,2043993,695,714,83,79,16
"519","CHIN","NL","EAST",89,2491942,702,623,93,69,0
"520","MON","NL","EAST",89,1783533,632,630,81,81,12
"521","NYN","NL","EAST",89,2918710,683,595,87,75,6
"522","PHI","NL","EAST",89,1861985,629,735,67,95,26
"523","PIT","NL","EAST",89,1374141,637,680,74,88,19
"524","STL","NL","EAST",89,3080980,632,608,86,76,7
"525","ATL","NL","WEST",89,984930,584,680,63,97,28
"526","CIN","NL","WEST",89,1979320,632,691,75,87,17
"527","HOU","NL","WEST",89,1834908,647,669,86,76,6
"528","LA","NL","WEST",89,2944653,554,536,77,83,14
"529","SD","NL","WEST",89,2009031,642,626,89,73,3
"530","SF","NL","WEST",89,2059701,699,600,92,70,0
"531","BAL","AL","EAST",90,2415189,669,698,76,85,11.5
"532","BOS","AL","EAST",90,2528986,699,664,88,74,0
"533","CLE","AL","EAST",90,1225240,732,737,77,85,11
"534","DET","AL","EAST",90,1495785,750,754,79,83,9
"535","MILA","AL","EAST",90,1752900,732,760,74,88,14
"536","NYA","AL","EAST",90,2006436,603,749,67,95,21
"537","TOR","AL","EAST",90,3885284,767,661,86,76,2
"538","CAL","AL","WEST",90,2555688,690,706,80,82,23
"539","CHIA","AL","WEST",90,2002357,682,633,94,68,9
"540","KC","AL","WEST",90,2244956,707,709,75,86,27.5
"541","MIN","AL","WEST",90,1751584,666,729,74,88,29
"542","OAK","AL","WEST",90,2900217,733,570,103,59,0
"543","SEA","AL","WEST",90,1509727,640,680,77,85,26
"544","TEX","AL","WEST",90,2057911,676,696,83,79,20
"545","CHIN","NL","EAST",90,2243791,690,774,77,85,18
"546","MON","NL","EAST",90,1373087,662,598,85,77,10
"547","NYN","NL","EAST",90,2732745,775,613,91,71,4
"548","PHI","NL","EAST",90,1992484,646,729,77,85,18
"549","PIT","NL","EAST",90,2049908,733,619,95,67,0
"550","STL","NL","EAST",90,2573225,599,698,70,92,25
"551","ATL","NL","WEST",90,980129,682,821,65,97,26
"552","CIN","NL","WEST",90,2400892,693,597,91,71,0
"553","HOU","NL","WEST",90,1310927,573,656,75,87,16
"554","LA","NL","WEST",90,3002396,728,685,86,76,5
"555","SD","NL","WEST",90,1856396,673,673,75,87,16
"556","SF","NL","WEST",90,1975528,719,710,85,77,6
"557","BAL","AL","EAST",91,2552753,686,796,67,95,24
"558","BOS","AL","EAST",91,2562435,731,712,84,78,7
"559","CLE","AL","EAST",91,1051863,576,759,57,105,34
"560","DET","AL","EAST",91,1641661,817,794,84,78,7
"561","MILA","AL","EAST",91,1478729,799,744,83,79,8
"562","NYA","AL","EAST",91,1863733,674,777,71,91,20
"563","TOR","AL","EAST",91,4001527,684,622,91,71,0
"564","CAL","AL","WEST",91,2416236,653,649,81,81,14
"565","CHIA","AL","WEST",91,2934154,758,681,87,75,8
"566","KC","AL","WEST",91,2161537,727,722,82,80,13
"567","MIN","AL","WEST",91,2293842,776,652,95,67,0
"568","OAK","AL","WEST",91,2713493,760,776,84,78,11
"569","SEA","AL","WEST",91,2147905,702,674,83,79,12
"570","TEX","AL","WEST",91,2297720,829,814,85,77,10
"571","CHIN","NL","EAST",91,2314250,695,734,77,83,20
"572","MON","NL","EAST",91,934742,579,655,71,90,26.5
"573","NYN","NL","EAST",91,2284484,640,646,77,84,20.5
"574","PHI","NL","EAST",91,2050012,629,680,78,84,20
"575","PIT","NL","EAST",91,2065302,768,632,98,64,0
"576","STL","NL","EAST",91,2448699,651,648,84,78,14
"577","ATL","NL","WEST",91,2140217,749,644,94,68,0
"578","CIN","NL","WEST",91,2372377,689,691,74,88,20
"579","HOU","NL","WEST",91,1196152,605,717,65,97,29
"580","LA","NL","WEST",91,3348170,665,565,93,96,1
"581","SD","NL","WEST",91,1804289,636,646,84,78,10
"582","SF","NL","WEST",91,1737478,649,697,75,87,19
"583","BAL","AL","EAST",92,3567819,705,656,89,73,7
"584","BOS","AL","EAST",92,2468574,599,669,73,89,23
"585","CLE","AL","EAST",92,1224094,674,746,76,86,20
"586","DET","AL","EAST",92,1423963,791,794,75,87,21
"587","MILA","AL","EAST",92,1857351,740,604,92,70,4
"588","NYA","AL","EAST",92,1748737,733,746,76,86,20
"589","TOR","AL","EAST",92,4028318,780,682,96,66,0
"590","CAL","AL","WEST",92,2065444,579,671,72,90,24
"591","CHIA","AL","WEST",92,2681156,738,690,86,76,10
"592","KC","AL","WEST",92,1867689,610,667,72,90,24
"593","MIN","AL","WEST",92,2482428,747,653,90,72,6
"594","OAK","AL","WEST",92,2494160,745,672,96,66,0
"595","SEA","AL","WEST",92,1651367,679,799,64,98,32
"596","TEX","AL","WEST",92,2198231,682,753,77,85,19
"597","CHIN","NL","EAST",92,2126720,593,624,78,84,18
"598","MON","NL","EAST",92,1669127,648,581,87,75,9
"599","NYN","NL","EAST",92,1779534,599,653,72,90,24
"600","PHI","NL","EAST",92,1927448,686,717,70,92,26
"601","PIT","NL","EAST",92,1829395,693,595,96,66,0
"602","STL","NL","EAST",92,2418483,631,604,83,79,13
"603","ATL","NL","WEST",92,3077400,682,569,98,64,0
"604","CIN","NL","WEST",92,2315946,660,609,90,72,8
"605","HOU","NL","WEST",92,1211412,608,668,81,81,17
"606","LA","NL","WEST",92,2473266,548,636,63,99,35
"607","SD","NL","WEST",92,1721406,617,636,82,80,16
"608","SF","NL","WEST",92,1560998,574,647,72,90,26
"609","BAL","AL","EAST",93,3644965,786,745,85,77,10
"610","BOS","AL","EAST",93,2422021,686,698,80,82,15
"611","CLE","AL","EAST",93,2177908,790,813,76,86,19
"612","DET","AL","EAST",93,1971421,899,837,85,77,10
"613","MILA","AL","EAST",93,1688080,733,792,69,93,26
"614","NYA","AL","EAST",93,2416965,821,761,88,74,7
"615","TOR","AL","EAST",93,4057947,847,742,95,67,0
"616","CAL","AL","WEST",93,2057460,684,770,71,91,26
"617","CHIA","AL","WEST",93,2581091,776,664,94,68,0
"618","KC","AL","WEST",93,1934578,675,694,84,78,10
"619","MIN","AL","WEST",93,2048673,693,830,71,91,26
"620","OAK","AL","WEST",93,2035025,715,846,68,94,29
"621","SEA","AL","WEST",93,2051853,734,731,82,80,12
"622","TEX","AL","WEST",93,2244616,835,751,86,76,8
"623","CHIN","NL","EAST",93,2653763,738,739,84,78,13
"624","MON","NL","EAST",93,1641437,732,682,94,68,3
"625","NYN","NL","EAST",93,1873183,672,744,59,103,38
"626","PHI","NL","EAST",93,3137674,877,740,97,65,0
"627","PIT","NL","EAST",93,1650593,707,806,75,87,22
"628","STL","NL","EAST",93,2844328,758,744,87,75,10
"629","ATL","NL","WEST",93,3884725,767,559,104,58,0
"630","CIN","NL","WEST",93,2453232,722,785,73,89,31
"631","HOU","NL","WEST",93,2084546,716,630,85,77,19
"632","LA","NL","WEST",93,3170392,675,662,81,81,23
"633","SD","NL","WEST",93,1375432,679,772,61,101,43
"634","SF","NL","WEST",93,2606354,808,636,103,59,1
"635","COL","NL","WEST",93,4483350,758,967,67,95,37
"636","FL","NL","EAST",93,3064847,581,724,64,98,33
"637","BAL","AL","EAST",94,2535359,589,497,63,49,6.5
"638","BOS","AL","EAST",94,1775818,552,621,54,61,17
"639","CLE","AL","CENT",94,1995174,679,562,66,47,1
"640","DET","AL","EAST",94,1184783,652,671,53,62,15
"641","MILA","AL","CENT",94,1268399,547,586,53,62,18
"642","NYA","AL","EAST",94,1675556,670,534,70,43,0
"643","TOR","AL","EAST",94,2907933,566,579,55,60,16
"644","CAL","AL","WEST",94,1512622,543,660,47,68,5.5
"645","CHIA","AL","CENT",94,1697398,633,498,67,46,0
"646","KC","AL","CENT",94,1400494,574,532,64,51,4
"647","MIN","AL","CENT",94,1398565,594,688,53,60,14
"648","OAK","AL","WEST",94,1242692,549,589,51,63,1
"649","SEA","AL","WEST",94,1104206,569,616,49,63,2
"650","TEX","AL","WEST",94,2503198,613,697,52,62,0
"651","CHIN","NL","CENT",94,1845208,500,549,49,64,16.5
"652","MON","NL","EAST",94,1276250,585,454,74,40,0
"653","NYN","NL","EAST",94,1151471,506,526,55,58,18.5
"654","PHI","NL","EAST",94,2290971,521,497,54,61,20.5
"655","PIT","NL","CENT",94,1222520,466,580,53,61,13
"656","STL","NL","CENT",94,1866544,535,621,53,61,13
"657","ATL","NL","EAST",94,2539240,542,448,68,46,6
"658","CIN","NL","CENT",94,1897681,609,490,66,48,0
"659","HOU","NL","CENT",94,1561136,602,503,66,49,0.5
"660","LA","NL","WEST",94,2279355,532,509,58,56,0
"661","SD","NL","WEST",94,953857,479,531,47,70,12.5
"662","SF","NL","WEST",94,1704608,504,500,55,60,3.5
"663","COL","NL","WEST",94,3281511,573,638,53,64,6.5
"664","FL","NL","EAST",94,1937467,468,576,51,64,23.5
"665","BAL","AL","EAST",95,3098475,704,640,71,73,15
"666","BOS","AL","EAST",95,2164410,791,698,86,58,0
"667","CLE","AL","CENT",95,2842745,840,607,100,44,0
"668","DET","AL","EAST",95,1180979,654,844,60,84,26
"669","MILA","AL","CENT",95,1087560,740,747,65,79,35
"670","NYA","AL","EAST",95,1705263,749,688,79,65,7
"671","TOR","AL","EAST",95,2826483,642,777,56,88,30
"672","CAL","AL","WEST",95,1748680,801,697,78,67,1
"673","CHIA","AL","CENT",95,1609773,755,758,68,76,32
"674","KC","AL","CENT",95,1233530,629,691,70,74,30
"675","MIN","AL","CENT",95,1057667,703,889,56,88,44
"676","OAK","AL","WEST",95,1174310,730,761,67,77,11.5
"677","SEA","AL","WEST",95,1643203,796,708,79,66,0
"678","TEX","AL","WEST",95,1985910,691,720,74,70,4.5
"679","CHIN","NL","CENT",95,1918265,693,671,73,71,12
"680","MON","NL","EAST",95,1309618,621,638,66,78,24
"681","NYN","NL","EAST",95,1273183,657,618,69,75,21
"682","PHI","NL","EAST",95,2043598,615,658,69,75,21
"683","PIT","NL","CENT",95,905517,629,736,58,86,27
"684","STL","NL","CENT",95,1756727,563,658,62,81,22.5
"685","ATL","NL","EAST",95,2561831,645,540,90,54,0
"686","CIN","NL","CENT",95,1837649,747,623,85,59,0
"687","HOU","NL","CENT",95,1363801,747,674,76,68,9
"688","LA","NL","WEST",95,2766251,634,609,78,66,0
"689","SD","NL","WEST",95,1040805,668,672,70,74,8
"690","SF","NL","WEST",95,1241500,652,776,67,77,11
"691","COL","NL","WEST",95,3390037,785,783,77,67,1
"692","FL","NL","EAST",95,1700466,673,673,67,76,22.5
"693","BAL","AL","EAST",96,3646950,949,903,88,74,4
"694","BOS","AL","EAST",96,2315231,928,921,85,77,7
"695","CLE","AL","CENT",96,3318174,952,769,99,62,0
"696","DET","AL","EAST",96,1168610,783,1103,53,109,39
"697","MILA","AL","CENT",96,1327155,894,899,80,82,19.5
"698","NYA","AL","EAST",96,2250877,871,787,92,70,0
"699","TOR","AL","EAST",96,2559573,766,809,74,88,18
"700","CAL","AL","WEST",96,1820521,762,943,70,91,19.5
"701","CHIA","AL","CENT",96,1676403,898,794,85,77,14.5
"702","KC","AL","CENT",96,1435997,746,786,75,86,24
"703","MIN","AL","CENT",96,1437352,877,900,78,84,21.5
"704","OAK","AL","WEST",96,1148380,861,900,78,84,12
"705","SEA","AL","WEST",96,2723850,993,895,85,76,4.5
"706","TEX","AL","WEST",96,2889020,928,799,90,72,0
"707","CHIN","NL","CENT",96,2219110,772,771,76,86,12
"708","MON","NL","EAST",96,1616709,741,668,88,74,8
"709","NYN","NL","EAST",96,1588323,746,779,71,91,25
"710","PHI","NL","EAST",96,1801677,650,790,67,95,29
"711","PIT","NL","CENT",96,1332150,776,833,73,89,15
"712","STL","NL","CENT",96,2654718,759,706,88,74,0
"713","ATL","NL","EAST",96,2901242,773,648,96,66,0
"714","CIN","NL","CENT",96,1861428,778,773,81,81,7
"715","HOU","NL","CENT",96,1975888,753,792,82,80,6
"716","LA","NL","WEST",96,3188454,703,652,90,72,1
"717","SD","NL","WEST",96,2187886,771,682,91,71,0
"718","SF","NL","WEST",96,1413922,752,862,68,94,23
"719","COL","NL","WEST",96,3891014,961,964,83,79,8
"720","FL","NL","EAST",96,1746767,688,703,80,82,16
"721","ANA","AL","WEST",97,1767330,829,794,84,78,6
"722","BAL","AL","EAST",97,3711132,812,681,98,64,0
"723","BOS","AL","EAST",97,2226136,851,857,78,84,20
"724","CLE","AL","CENT",97,3404750,868,815,86,75,0
"725","DET","AL","EAST",97,1365157,784,790,79,83,19
"726","MILA","AL","CENT",97,1444027,681,742,78,83,8
"727","NYA","AL","EAST",97,2580325,891,688,96,66,2
"728","TOR","AL","EAST",97,2589297,654,694,76,86,22
"729","CHIA","AL","CENT",97,1864782,779,833,80,81,6
"730","KC","AL","CENT",97,1517638,747,820,67,94,19
"731","MIN","AL","CENT",97,1411064,772,861,68,94,18.5
"732","OAK","AL","WEST",97,1264218,764,946,65,97,25
"733","SEA","AL","WEST",97,3192237,925,833,90,72,0
"734","TEX","AL","WEST",97,2945228,807,823,77,85,13
"735","CHIN","NL","CENT",97,2190308,687,759,68,94,16
"736","MON","NL","EAST",97,1497609,691,740,78,84,23
"737","NYN","NL","EAST",97,1766174,777,709,88,74,13
"738","PHI","NL","EAST",97,1490638,668,840,68,94,33
"739","PIT","NL","CENT",97,1657022,725,760,79,83,5
"740","STL","NL","CENT",97,2634014,689,708,73,89,11
"741","ATL","NL","EAST",97,3464488,791,581,101,61,0
"742","CIN","NL","CENT",97,1785788,651,764,76,86,8
"743","HOU","NL","CENT",97,2046781,777,660,84,78,0
"744","LA","NL","WEST",97,3319504,742,645,88,74,2
"745","SD","NL","WEST",97,2089333,795,891,76,86,14
"746","SF","NL","WEST",97,1690869,784,793,90,72,0
"747","COL","NL","WEST",97,3888453,923,908,83,79,7
"748","FL","NL","EAST",97,2364387,740,669,92,70,9
"749","TB","AL","EAST",98,2261158,620,751,63,99,51
"750","ANA","AL","WEST",98,2519107,787,783,85,77,3
"751","BAL","AL","EAST",98,3685194,817,785,79,83,35
"752","BOS","AL","EAST",98,2343947,876,729,92,70,22
"753","CLE","AL","CENT",98,3467299,850,779,89,73,0
"754","DET","AL","EAST",98,1409391,722,863,65,97,24
"755","NYA","AL","EAST",98,2919046,965,656,114,48,0
"756","TOR","AL","EAST",98,2454283,816,768,88,74,26
"757","CHIA","AL","CENT",98,1391146,861,931,80,82,9
"758","KC","AL","CENT",98,1494875,714,899,72,89,16.5
"759","MIN","AL","CENT",98,1165980,734,818,70,92,19
"760","OAK","AL","WEST",98,1232339,804,866,74,88,14
"761","SEA","AL","WEST",98,2644305,859,855,76,85,11.5
"762","TEX","AL","WEST",98,2927409,940,871,88,74,0
"763","CHIN","NL","CENT",98,2623000,831,792,90,73,12.5
"764","MON","NL","EAST",98,914717,644,783,65,97,41
"765","NYN","NL","EAST",98,2287942,706,645,88,74,18
"766","PHI","NL","EAST",98,1715702,713,808,75,87,31
"767","PIT","NL","CENT",98,1560950,650,718,69,93,33
"768","STL","NL","CENT",98,3194092,810,782,83,79,19
"769","ATL","NL","EAST",98,3361350,826,581,106,56,0
"770","CIN","NL","CENT",98,1793679,750,760,77,85,25
"771","HOU","NL","CENT",98,2450451,874,620,102,60,0
"772","LA","NL","WEST",98,3089201,669,678,83,79,15
"773","SD","NL","WEST",98,2555901,749,635,98,64,0
"774","SF","NL","WEST",98,1925634,845,739,89,74,9.5
"775","COL","NL","WEST",98,3789347,923,908,83,79,7
"776","FL","NL","EAST",98,1750395,667,923,54,108,52
"777","ARI","NL","WEST",98,3600412,665,812,65,97,33
"778","MILN","NL","CENT",98,1811548,707,812,74,88,28
"779","TB","AL","EAST",99,1562827,772,913,69,93,29
"780","ANA","AL","WEST",99,2253123,711,826,70,92,25
"781","BAL","AL","EAST",99,3433150,851,815,78,84,20
"782","BOS","AL","EAST",99,2446162,836,718,94,68,4
"783","CLE","AL","CENT",99,3468456,1009,860,97,65,0
"784","DET","AL","EAST",99,2026441,747,882,69,92,27.5
"785","NYA","AL","EAST",99,3292736,900,731,98,64,0
"786","TOR","AL","EAST",99,2163464,883,862,84,78,14
"787","CHIA","AL","CENT",99,1338851,777,870,75,86,21.5
"788","KC","AL","CENT",99,1506068,856,921,64,97,32.5
"789","MIN","AL","CENT",99,1202829,686,845,63,97,33
"790","OAK","AL","WEST",99,1434610,893,846,87,75,8
"791","SEA","AL","WEST",99,2916346,859,905,79,83,16
"792","TEX","AL","WEST",99,2771469,945,859,95,67,0
"793","CHIN","NL","CENT",99,2813854,747,920,67,95,30
"794","MON","NL","EAST",99,773277,718,853,68,94,35
"795","NYN","NL","EAST",99,2725668,853,711,97,66,6.5
"796","PHI","NL","EAST",99,1825337,841,846,77,85,26
"797","PIT","NL","CENT",99,1638023,775,782,78,83,18.5
"798","STL","NL","CENT",99,3225334,809,838,75,86,21.5
"799","ATL","NL","EAST",99,3284897,840,661,103,59,0
"800","CIN","NL","CENT",99,2061222,865,711,96,67,1.5
"801","HOU","NL","CENT",99,2706017,823,675,97,65,0
"802","LA","NL","WEST",99,3095346,793,787,77,85,23
"803","SD","NL","WEST",99,2523538,710,781,74,88,26
"804","SF","NL","WEST",99,2078399,872,831,86,76,14
"805","COL","NL","WEST",99,3481065,906,1028,72,90,28
"806","FL","NL","EAST",99,1369421,691,852,64,98,39
"807","ARI","NL","WEST",99,3019654,908,676,100,62,0
"808","MILN","NL","CENT",99,1701796,815,886,74,87,22.5
"809","TB","AL","EAST",0,1549052,733,842,69,92,18
"810","ANA","AL","WEST",0,2066977,864,869,82,80,9.5
"811","BAL","AL","EAST",0,3295128,794,913,74,88,13.5
"812","BOS","AL","EAST",0,2586032,792,745,85,77,2.5
"813","CLE","AL","CENT",0,3456278,950,816,90,72,5
"814","DET","AL","EAST",0,2533752,823,827,79,83,16
"815","NYA","AL","EAST",0,3227657,871,814,87,74,0
"816","TOR","AL","EAST",0,1819886,861,908,83,79,4.5
"817","CHIA","AL","CENT",0,1947799,978,839,95,67,0
"818","KC","AL","CENT",0,1677915,879,930,77,85,18
"819","MIN","AL","CENT",0,1059715,748,880,69,93,26
"820","OAK","AL","WEST",0,1728888,947,813,91,70,0
"821","SEA","AL","WEST",0,3148317,907,780,91,71,0.5
"822","TEX","AL","WEST",0,2800147,848,974,71,91,20.5
"823","CHIN","NL","CENT",0,2789511,764,904,65,97,30
"824","MON","NL","EAST",0,926263,738,902,67,95,28
"825","NYN","NL","EAST",0,2800221,807,738,94,68,1
"826","PHI","NL","EAST",0,1612769,708,830,65,97,30
"827","PIT","NL","CENT",0,1748908,793,888,69,93,26
"828","STL","NL","CENT",0,3336493,887,771,95,67,0
"829","ATL","NL","EAST",0,3234301,810,714,95,67,0
"830","CIN","NL","CENT",0,2577351,825,765,85,77,10
"831","HOU","NL","CENT",0,3056139,938,944,72,90,23
"832","LA","NL","WEST",0,3010819,798,729,86,76,11
"833","SD","NL","WEST",0,2423149,752,815,76,86,21
"834","SF","NL","WEST",0,3315330,925,747,97,65,0
"835","COL","NL","WEST",0,3285710,968,897,82,80,15
"836","FL","NL","EAST",0,1218326,731,797,79,82,15.5
"837","ARI","NL","WEST",0,2942516,792,754,85,77,12
"838","MILN","NL","CENT",0,1573621,740,826,73,89,22
