CI_stem,N12,No of mistletoes,Stand,ID,DBH,Distance from infected stem,Infected,Max_size of mistletoe,Min distance to mistletoe 120cm in diameter,Min distance to mistletoe 100cm in diameter,Min distance to mistletoe 50cm in diameter,Min distance to mistletoe
5.343254981,36,1,äobes,921,26,0.95371,1,100,0.95371,0.95371,0.95371,0.95371
4.771434657,32,2,äobes,923,27,0.95371,1,120,74.1291,0.95371,0.95371,0.95371
5.856575906,32,0,äobes,920,25,1.16871,0,0,1.21851,1.16871,1.16871,1.16871
5.093323645,39,0,äobes,916,25,3.49124,0,0,4.33151,3.49124,3.49124,3.49124
6.452975629,32,0,äobes,918,24,1.70918,0,0,1.95133,1.70918,1.70918,1.70918
5.59842222,32,0,äobes,917,26,1.98925,0,0,2.47331,1.98925,1.98925,1.98925
5.301988859,32,0,äobes,919,28,2.06753,0,0,2.25396,2.06753,2.06753,2.06753
6.384253622,29,0,äobes,913,20,4.23441,0,0,4.6636,4.23441,4.23441,4.23441
5.626963,28,0,äobes,915,22,4.39647,0,0,5.09355,4.39647,4.39647,4.39647
6.149694409,29,0,äobes,914,20,4.36741,0,0,5.57476,4.36741,4.36741,4.36741
5.571182763,40,0,äobes,908,27,7.92826,0,0,9.12779,7.92826,7.92826,7.92826
5.399342648,40,0,äobes,909,28,8.06679,0,0,9.6124,8.06679,8.06679,8.06679
2.034644208,22,2,äobes,1582,34,1.2441,1,90,11.3076,1.2441,1.2441,1.2441
10.35049583,24,0,äobes,926,10,1.29745,0,0,6.5089,1.29745,1.29745,1.29745
2.826612667,24,4,äobes,928,33,2.93669,1,75,7.38569,2.93669,2.93669,2.93669
3.231799884,24,0,äobes,927,30,0.30136,0,0,7.38595,2.64821,0.30136,0.30136
9.182629223,39,0,äobes,911,14,7.36387,0,0,10.01565,7.36387,7.36387,7.36387
2.317681188,24,1,äobes,925,37,2.93669,1,100,7.10246,7.10246,2.93669,2.93669
1.128624916,7,0,äobes,1596,33,11.14894,0,0,26.28,15.70718,13.08124,11.14894
1.174392056,9,0,äobes,1595,34,10.92629,0,0,26.76,16.17537,13.18195,10.92629
1.049756268,11,0,äobes,1593,29,14.62396,0,0,24.83885,14.62396,14.62396,14.62396
3.985716935,42,0,äobes,954,28,8.08809,0,0,26.31326,21.04721,10.77746,8.08809
3.196462883,35,0,äobes,955,30,4.9615,0,0,24.67616,18.85846,8.67016,4.9615
4.422305554,43,0,äobes,953,26,8.01055,0,0,26.58223,21.28027,11.08682,8.01055
3.101162319,13,0,äobes,1598,16,5.91599,0,0,38.29299,18.27089,5.91599,5.91599
1.832745605,13,0,äobes,1597,24,6.36518,0,0,38.40482,17.60798,6.36518,6.36518
4.463394643,32,1,äobes,968,30,0.87933,1,50,25.56266,18.97741,3.82342,0.87933
5.604718243,32,1,äobes,967,25,0.87933,1,30,25.81024,19.12692,3.00637,0.87933
5.47132607,32,0,äobes,964,25,1.04377,0,0,26.33232,19.82773,4.11371,1.04377
9.156713624,32,0,äobes,966,17,0.67847,0,0,26.32031,19.6829,3.08024,0.67847
2.490595249,14,0,äobes,1594,21,10.87307,0,0,28.01766,10.87307,10.87307,10.87307
9.297154162,32,0,äobes,963,16,1.34793,0,0,26.8782,20.31847,3.55519,1.34793
6.076000361,34,0,äobes,965,25,1.03795,0,0,26.84343,20.16481,2.53392,1.03795
8.221184525,42,0,äobes,962,17,7.8435,0,0,30.70791,24.88424,9.87236,7.8435
6.015300138,41,0,äobes,956,22,7.23789,0,0,30.46723,24.55437,9.19768,7.23789
6.738918833,41,0,äobes,961,20,8.27993,0,0,31.05558,25.26728,10.26589,8.27993
4.447648427,17,0,äobes,1000,21,10.77767,0,0,28.63079,10.77767,10.77767,10.77767
3.149262026,18,0,äobes,998,30,10.23615,0,0,28.43589,11.27113,10.23615,10.23615
4.788742766,39,1,äobes,971,32,3.00637,1,70,27.90782,21.0234,6.5827,3.00637
10.98382623,18,0,äobes,999,10,10.63342,0,0,28.9124,10.63342,10.63342,10.63342
6.190184221,42,0,äobes,960,21,8.87809,0,0,31.81147,26.02102,10.66693,8.87809
4.889383178,19,0,äobes,997,22,10.09023,0,0,29.07149,10.72398,10.09023,10.09023
7.383000599,38,0,äobes,957,18,7.45288,0,0,31.21094,25.21065,9.02303,7.45288
9.428409693,39,0,äobes,972,18,0.52967,0,0,28.36252,21.49668,0.52967,0.52967
6.942683099,39,0,äobes,969,23,2.16023,0,0,29.0586,22.31699,2.16023,2.16023
7.576286359,42,0,äobes,958,18,8.1006,0,0,31.83165,25.85849,9.55114,8.1006
5.642608518,40,0,äobes,970,27,2.87997,0,0,29.40402,22.71828,2.87997,2.87997
2.113885345,21,0,äobes,996,43,9.24988,0,0,29.50064,10.76223,9.24988,9.24988
7.213048504,21,0,äobes,1602,15,5.47001,0,0,45.64763,20.62936,5.67746,5.47001
6.530948577,21,0,äobes,1603,17,5.45712,0,0,45.89534,20.90841,5.68348,5.45712
6.917616094,41,0,äobes,974,24,1.09971,0,0,28.95799,22.04875,1.09971,1.09971
8.136562698,43,0,äobes,959,16,8.73445,0,0,32.51949,26.55452,10.02486,8.73445
9.450711898,41,0,äobes,973,18,1.55664,0,0,29.46172,22.56721,1.55664,1.55664
4.922096627,48,0,äobes,1055,23,15.74597,0,0,37.01262,29.56635,17.42147,15.74597
4.538562296,61,0,äobes,1056,31,18.13661,0,0,40.14254,27.04116,21.40417,18.13661
5.597972989,37,0,äobes,975,26,2.33356,0,0,31.82498,23.82423,4.08629,2.33356
6.365580947,42,2,äobes,977,26,0.40958,1,50,31.59076,21.50163,3.82035,0.40958
5.728229495,40,1,äobes,978,28,0.40958,1,50,31.58434,21.09282,3.9341,0.40958
4.360170659,47,0,äobes,1054,26,15.01095,0,0,38.66251,27.82388,17.92162,15.01095
5.51223712,38,0,äobes,976,26,2.48981,0,0,32.23233,23.91578,4.49765,2.48981
2.186098622,23,0,äobes,1002,37,5.96756,0,0,33.55201,5.96756,5.96756,5.96756
5.64027687,38,0,äobes,982,26,1.78072,0,0,31.86482,18.85071,1.78072,1.78072
4.515090948,40,1,äobes,983,30,4.01786,1,80,31.99189,17.07544,6.5827,4.01786
3.671904769,41,0,äobes,1052,30,12.70664,0,0,37.94013,28.5955,15.45089,12.70664
3.938725218,38,0,äobes,1053,27,12.13194,0,0,37.82822,28.80796,14.86845,12.13194
5.7318169,35,0,äobes,981,26,1.7167,0,0,32.80838,19.8376,2.97824,1.7167
2.656104177,23,0,äobes,1003,31,5.14651,0,0,34.81321,5.14651,5.14651,5.14651
4.446108116,39,0,äobes,1051,24,11.80438,0,0,38.72804,27.88495,15.71357,11.80438
6.043504413,35,0,äobes,980,24,2.45777,0,0,33.61306,19.65332,3.17422,2.45777
5.933431736,37,0,äobes,979,24,2.26094,0,0,33.77416,20.51064,3.98847,2.26094
6.403567145,39,0,äobes,985,23,2.65353,0,0,33.63945,14.73988,2.65353,2.65353
5.395094665,36,0,äobes,993,26,5.143,0,0,33.93801,11.9975,5.143,5.143
8.384922896,69,0,äobes,1042,20,18.90732,0,0,45.50439,22.24876,18.90732,18.90732
4.680351729,32,0,äobes,994,28,5.71544,0,0,34.22416,11.4424,5.71544,5.71544
4.832772936,40,0,äobes,984,30,2.88714,0,0,34.05729,14.75418,2.88714,2.88714
11.77555062,66,0,äobes,1045,15,17.02076,0,0,44.62482,22.45053,18.45794,17.02076
5.75886048,33,0,äobes,995,24,5.80228,0,0,34.74881,11.5131,5.80228,5.80228
6.893871421,66,0,äobes,1044,25,16.85912,0,0,44.95863,22.07402,18.07032,16.85912
4.573790859,34,0,äobes,992,29,5.58658,0,0,34.96122,11.86965,5.58658,5.58658
8.584958586,64,0,äobes,1043,20,16.56666,0,0,45.423,21.53103,17.48664,16.56666
2.628683062,28,2,äobes,1441,36,3.85471,1,100,38.88717,30.95247,3.85471,3.85471
6.807844928,50,0,äobes,1046,20,13.07035,0,0,43.37266,23.07363,17.85125,13.07035
6.936516865,20,0,äobes,1442,14,1.36783,0,0,40.03433,1.36783,1.36783,1.36783
5.941631367,35,0,äobes,986,22,4.14053,0,0,36.0822,16.14348,4.14053,4.14053
6.300671083,50,0,äobes,1047,22,12.90414,0,0,43.26789,22.23627,17.01358,12.90414
9.582517188,34,0,äobes,987,14,4.605,0,0,36.564,16.27577,4.605,4.605
7.650384907,65,0,äobes,1039,22,16.02332,0,0,46.02024,19.52271,16.02332,16.02332
3.844616614,19,0,äobes,1443,26,1.3152,0,0,41.31269,2.67329,1.3152,1.3152
5.595198896,35,0,äobes,988,22,5.21613,0,0,37.03679,16.36999,5.21613,5.21613
8.712959753,59,0,äobes,1040,19,15.48201,0,0,45.35506,19.168,15.48201,15.48201
11.03443798,21,0,äobes,1440,10,1.90628,0,0,40.75251,1.90628,1.90628,1.90628
5.67882072,32,0,äobes,989,18,6.33713,0,0,36.36693,19.68482,6.33713,6.33713
7.040948559,56,0,äobes,1041,22,15.0029,0,0,45.27004,18.51845,15.0029,15.0029
4.019716067,19,0,äobes,1444,26,0.58168,0,0,42.05386,3.35524,0.58168,0.58168
2.862433344,23,0,äobes,1439,34,2.45126,0,0,41.17614,2.47317,2.45126,2.45126
5.459125324,43,0,äobes,1048,24,11.28349,0,0,41.53472,21.66671,16.00878,11.28349
3.307767298,37,0,äobes,991,25,7.36047,0,0,36.65544,26.40601,11.23662,7.36047
3.737093174,19,3,äobes,1445,27,3.85471,1,60,42.19303,3.85471,3.85471,3.85471
8.316372679,43,0,äobes,1049,16,10.80122,0,0,40.99118,21.47979,15.69073,10.80122
6.129585248,46,0,äobes,1050,22,11.34119,0,0,41.21415,20.92809,15.28654,11.34119
3.418582958,26,0,äobes,1446,30,1.95227,0,0,40.31112,4.40571,1.95227,1.95227
6.455489815,32,0,äobes,990,13,7.72248,0,0,34.15516,22.91669,9.81084,7.72248
2.216851568,26,0,äobes,1618,27,17.03525,0,0,53.82572,22.2596,17.09257,17.03525
8.250727304,67,0,äobes,1028,18,13.98559,0,0,40.05668,13.98559,13.98559,13.98559
2.882515133,22,0,äobes,1619,21,16.33077,0,0,53.24155,22.54088,16.33077,16.33077
5.709329707,32,0,äobes,1004,18,3.45155,0,0,32.60571,17.38081,9.67376,3.45155
6.066878095,56,0,äobes,1025,25,10.8727,0,0,40.9811,15.51296,10.8727,10.8727
7.06296819,57,0,äobes,1026,22,10.93561,0,0,40.53763,15.87305,10.93561,10.93561
2.557642372,25,0,äobes,69,16,2.66922,0,0,58.33086,20.48039,12.15982,2.66922
2.417745321,23,0,äobes,1463,28,12.49252,0,0,48.30762,17.83268,12.49252,12.49252
4.552940297,58,0,äobes,1144,15,6.42007,0,0,37.08612,6.42007,6.42007,6.42007
6.761787147,29,0,äobes,1454,18,4.57596,0,0,40.26772,8.57704,4.74863,4.57596
4.352477933,29,0,äobes,1453,26,4.61389,0,0,40.44041,9.3017,5.45365,4.61389
4.549378765,30,0,äobes,1452,27,3.8092,0,0,39.5782,9.20048,5.41536,3.8092
4.690689545,30,0,äobes,1451,26,3.36102,0,0,38.92071,8.8728,5.20904,3.36102
4.087971145,22,0,äobes,1530,20,7.37479,0,0,56.88345,29.79466,15.60112,7.37479
6.664104848,37,1,äobes,67,18,2.70185,1,30,57.24956,22.19641,11.32171,2.70185
2.38385431,19,1,äobes,1012,30,14.13943,1,50,32.1019,25.47019,15.37597,14.13943
7.001117656,34,0,äobes,1455,15,7.47632,0,0,42.53845,13.16354,9.38602,7.47632
4.113695928,23,0,äobes,1529,21,7.09035,0,0,56.51272,29.63283,15.12628,7.09035
2.218553481,18,0,äobes,1013,31,0.7063,0,0,31.81791,26.08118,15.31243,0.7063
5.086105444,29,0,äobes,1462,19,10.81925,0,0,46.91204,18.13588,10.81925,10.81925
5.15963144,40,0,äobes,1019,26,9.4897,0,0,36.52545,16.00681,9.4897,9.4897
5.003375786,32,0,äobes,1450,25,2.00363,0,0,37.59777,9.83869,6.34527,2.00363
5.039507046,40,0,äobes,1017,27,9.76712,0,0,36.14635,16.4287,9.76712,9.76712
6.629101382,58,0,äobes,1027,20,9.67546,0,0,37.67449,10.51252,9.67546,9.67546
8.235838929,54,0,äobes,1022,19,7.95606,0,0,39.49244,12.5278,7.95606,7.95606
4.803980647,32,0,äobes,1457,24,9.17901,0,0,44.4471,16.53227,9.17901,9.17901
2.304637762,26,0,äobes,1008,40,3.43275,0,0,29.97424,16.2688,13.31334,3.43275
5.59803047,40,0,äobes,1018,24,9.77963,0,0,35.72342,16.56786,9.77963,9.77963
9.691950621,33,0,äobes,1461,13,9.25606,0,0,44.96596,17.25341,9.25606,9.25606
3.502327621,17,0,äobes,1014,20,1.43087,0,0,30.72344,25.73259,14.19767,1.43087
5.502331122,35,0,äobes,1456,20,7.93271,0,0,42.31511,14.52225,8.83261,7.93271
2.970233055,27,1,äobes,1006,31,7.72326,1,20,29.15455,19.27654,13.08145,7.72326
3.316981941,26,0,äobes,1009,30,2.79329,0,0,29.5604,16.9481,13.43809,2.79329
1.678251674,23,0,äobes,1522,32,14.85384,0,0,51.71777,29.54897,15.13283,14.85384
9.440368765,53,0,äobes,1021,17,7.40118,0,0,39.02734,12.12867,7.40118,7.40118
4.949813886,19,0,äobes,1015,14,2.23658,0,0,30.09804,26.29242,13.83301,2.23658
4.690687152,25,0,äobes,1528,22,7.97109,0,0,54.44157,30.79019,13.37453,7.97109
7.846529796,54,0,äobes,1023,20,7.11467,0,0,39.02461,11.52889,7.11467,7.11467
10.49953919,58,0,äobes,1128,14,9.94969,0,0,34.8782,9.94969,9.94969,9.94969
5.269238705,21,0,äobes,1523,18,8.92598,0,0,53.92304,31.75098,13.31821,8.92598
2.658122864,26,0,äobes,74,38,5.13014,0,0,54.05432,17.32103,7.99377,5.13014
5.850675638,41,0,äobes,66,24,0.6364,0,0,55.68455,23.15471,10.25471,0.6364
14.89150699,57,0,äobes,1129,10,9.74852,0,0,34.82381,9.74852,9.74852,9.74852
2.685738468,22,0,äobes,1007,30,0.80678,0,0,28.42634,19.99225,13.77158,0.80678
5.032241529,34,0,äobes,1449,26,0.7922,0,0,36.61411,11.02308,7.58958,0.7922
5.684774556,51,0,äobes,1020,26,6.64177,0,0,38.43629,11.56481,6.64177,6.64177
10.53360612,58,0,äobes,1127,14,9.61612,0,0,34.3005,9.61612,9.61612,9.61612
3.498564921,22,0,äobes,1524,26,9.02634,0,0,53.38249,31.86329,12.77727,9.02634
5.947327595,42,1,äobes,65,25,2.70185,1,30,55.05719,22.83696,9.62917,2.70185
6.31367143,34,0,äobes,1460,21,7.97998,0,0,44.17798,18.16327,7.97998,7.97998
6.407759328,26,0,äobes,1525,17,8.28849,0,0,53.58944,31.12423,12.588,8.28849
4.48526691,33,0,äobes,1458,28,7.65135,0,0,43.34949,17.35276,7.65135,7.65135
3.352333717,34,1,äobes,1447,36,0.60085,1,30,35.61292,11.30659,8.07801,0.60085
4.396756767,30,0,äobes,75,26,5.24669,0,0,53.42772,17.53214,7.31982,5.24669
4.110780775,30,0,äobes,1527,26,7.32644,0,0,54.01644,30.16107,12.57002,7.32644
6.182779062,34,0,äobes,1459,22,7.73852,0,0,43.73334,17.81355,7.73852,7.73852
9.039202796,56,0,äobes,1126,16,9.19969,0,0,34.02596,9.19969,9.19969,9.19969
4.409551362,21,1,äobes,1438,21,9.04411,1,50,30.14869,13.54739,13.06961,9.04411
6.908332899,42,0,äobes,64,22,0.3827,0,0,54.86007,23.08116,9.56672,0.3827
4.34237447,36,1,äobes,1448,30,0.60085,1,30,35.84677,11.61208,8.26979,0.60085
9.699434957,29,0,äobes,1526,12,7.65486,0,0,53.70024,30.48422,12.37062,7.65486
14.20135732,52,0,äobes,1124,10,8.55153,0,0,33.96574,8.55153,8.55153,8.55153
5.20686783,23,0,äobes,1437,20,1.52861,0,0,30.46879,13.06709,12.18957,1.52861
5.995376534,42,0,äobes,63,24,0.79192,0,0,54.5619,23.25961,9.40955,0.79192
6.124055012,50,0,äobes,1122,22,7.85989,0,0,34.22265,7.85989,7.85989,7.85989
4.413965098,20,0,äobes,1436,23,1.17208,0,0,29.94682,13.60364,12.79121,1.17208
17.77268901,53,0,äobes,1125,8,8.25456,0,0,33.38988,8.25456,8.25456,8.25456
4.680814947,51,0,äobes,1121,27,7.61801,0,0,34.40206,7.61801,7.61801,7.61801
3.243113669,29,0,äobes,1016,24,4.34488,0,0,29.79564,21.78029,12.15576,4.34488
3.32571314,21,0,äobes,1435,29,1.15468,0,0,29.46316,14.1017,13.31955,1.15468
7.037802757,49,0,äobes,1123,19,7.54975,0,0,33.70903,7.54975,7.54975,7.54975
2.882441323,18,0,äobes,1010,24,3.3751,0,0,27.98198,16.37477,16.27744,3.3751
3.758143799,27,0,äobes,83,29,6.5519,0,0,51.55254,14.2525,6.5519,6.5519
5.727742597,34,0,äobes,1115,20,8.75728,0,0,32.7423,16.18015,8.75728,8.75728
4.361363699,23,0,äobes,1434,23,2.73714,0,0,30.25003,13.33452,12.08543,2.73714
3.677398716,27,0,äobes,81,30,6.83903,0,0,51.26619,13.34836,6.83903,6.83903
4.202416693,28,0,äobes,82,28,6.6372,0,0,51.24566,13.64476,6.6372,6.6372
3.986607093,21,0,äobes,1433,24,2.8255,0,0,29.86124,13.73121,12.45222,2.8255
3.679869421,31,0,äobes,1479,29,8.17994,0,0,45.59687,21.83044,8.17994,8.17994
7.111915731,34,0,äobes,1114,17,7.66845,0,0,32.74532,15.10843,7.66845,7.66845
4.412877689,32,0,äobes,1478,25,6.83724,0,0,44.04984,20.60323,6.83724,6.83724
11.11126898,32,0,äobes,1480,11,7.71542,0,0,45.15408,21.86013,7.71542,7.71542
12.28963657,68,0,äobes,1152,13,10.59672,0,0,30.76809,10.68175,10.68175,10.59672
5.973597378,41,0,äobes,1476,20,4.62228,0,0,39.45897,17.60092,4.62228,4.62228
8.020037875,35,0,äobes,1110,16,5.6774,0,0,32.30851,13.23617,5.6774,5.6774
14.66267517,50,0,äobes,1150,9,7.26754,0,0,29.92643,7.26754,7.26754,7.26754
9.271056901,34,0,äobes,1481,13,9.60147,0,0,44.68546,25.36809,9.60147,9.60147
4.721696745,37,0,äobes,1108,26,2.92055,0,0,34.35573,10.07524,2.92055,2.92055
5.116008194,35,0,äobes,1109,24,4.93306,0,0,32.46167,12.49953,4.93306,4.93306
6.039251279,43,0,äobes,1477,20,3.9222,0,0,38.05741,17.92419,3.9222,3.9222
6.564570058,50,0,äobes,1149,19,6.90594,0,0,29.63213,6.90594,6.90594,6.90594
7.919404954,63,0,äobes,1154,19,8.34611,0,0,28.67606,10.85416,10.85416,8.34611
5.751024999,35,0,äobes,1482,21,9.44645,0,0,44.20504,25.68811,9.44645,9.44645
13.55174657,52,0,äobes,1147,10,6.95155,0,0,29.35229,6.95155,6.95155,6.95155
2.715683963,22,0,äobes,1432,24,6.65075,0,0,29.07662,15.62809,13.43283,6.65075
4.970266608,36,0,äobes,1483,24,8.48236,0,0,43.84832,24.95928,8.48236,8.48236
4.898691818,41,0,äobes,1113,27,8.26524,0,0,29.61475,15.88595,8.26524,8.26524
10.92565506,52,0,äobes,1148,12,7.21183,0,0,29.14438,7.21183,7.21183,7.21183
4.847224112,40,0,äobes,1111,28,7.07654,0,0,30.28559,14.70313,7.07654,7.07654
5.378194986,45,0,äobes,1120,23,3.3728,0,0,33.20363,5.91181,3.3728,3.3728
4.992158735,44,0,äobes,1119,26,2.35677,0,0,33.71923,6.72946,2.35677,2.35677
4.731594653,40,0,äobes,62,28,4.54191,0,0,49.65487,21.00759,4.54191,4.54191
6.177685934,36,0,äobes,1484,20,8.89227,0,0,43.56319,25.70319,8.89227,8.89227
3.979544947,42,0,äobes,1112,34,7.5744,0,0,29.62134,15.17967,7.5744,7.5744
8.467807343,63,0,äobes,1155,18,7.51157,0,0,27.73462,10.20482,10.20482,7.51157
2.480132933,20,0,äobes,1430,37,0.97066,0,0,22.50664,22.50664,14.03074,0.97066
7.208892179,69,0,äobes,1157,22,6.95154,0,0,27.38635,11.31312,11.31312,6.95154
4.585950572,39,0,äobes,1116,29,0.6571,0,0,33.93082,7.74577,0.6571,0.6571
2.207910868,20,0,äobes,1429,41,0.84663,0,0,22.09002,22.09002,14.19917,0.84663
7.088598817,67,0,äobes,1156,22,6.75972,0,0,27.0862,10.62799,10.62799,6.75972
4.777853539,37,0,äobes,61,29,3.47864,0,0,48.49281,20.63393,3.47864,3.47864
6.416912964,49,0,äobes,1118,22,1.48206,0,0,32.79844,6.34092,1.48206,1.48206
2.165380972,18,1,äobes,1428,39,7.72326,1,25,21.54811,21.54811,13.35645,7.72326
4.978144435,41,1,äobes,1117,27,7.63117,1,75,33.48531,7.63117,7.63117,7.63117
3.055178872,37,0,äobes,1521,36,11.23915,0,0,42.95479,24.89772,11.23915,11.23915
3.107260204,31,0,äobes,1520,32,12.05534,0,0,43.22376,24.85217,12.05534,12.05534
4.343826498,38,0,äobes,60,32,3.11367,0,0,47.78498,20.71535,3.11367,3.11367
1.783328381,20,0,äobes,80,35,5.74847,0,0,45.5907,12.15617,5.74847,5.74847
4.265094122,32,0,äobes,78,29,1.13219,0,0,46.2883,17.04563,1.13219,1.13219
5.4146545,33,1,äobes,77,25,8.65848,1,70,46.17223,18.17576,8.65848,8.65848
6.07182496,42,0,äobes,1473,24,0.89215,0,0,38.32477,22.24837,0.89215,0.89215
5.304785668,43,1,äobes,1471,27,11.25281,1,60,37.52866,21.83204,14.50463,11.25281
10.86032143,41,0,äobes,1532,12,6.92266,0,0,49.30652,27.38829,6.92266,6.92266
3.832480945,33,0,äobes,79,33,0.77658,0,0,45.71554,17.63472,0.77658,0.77658
4.455486293,31,0,äobes,76,28,1.05142,0,0,46.00028,19.22683,1.05142,1.05142
5.504862198,43,0,äobes,1474,26,1.51616,0,0,38.60559,22.93276,1.51616,1.51616
23.41687189,42,0,äobes,1533,6,6.6239,0,0,49.116,27.60016,6.6239,6.6239
4.852078871,43,0,äobes,1531,26,6.24681,0,0,49.0258,27.38194,6.24681,6.24681
13.15432256,61,0,äobes,1178,12,4.55496,0,0,24.56306,10.77419,10.74586,4.55496
6.144615776,43,0,äobes,1472,24,0.76322,0,0,37.30855,22.56312,0.76322,0.76322
20.39393026,58,0,äobes,1177,8,4.60322,0,0,24.43655,10.60797,10.55226,4.60322
3.549159162,46,1,äobes,1146,29,7.63117,1,100,27.55151,23.76083,7.63117,7.63117
5.638051113,38,0,äobes,59,24,6.31724,0,0,46.88766,24.40416,6.31724,6.31724
5.529451043,39,0,äobes,1518,21,11.28739,0,0,41.14307,22.58202,11.28739,11.28739
4.457560259,38,0,äobes,1519,25,10.47598,0,0,41.17008,22.29541,10.47598,10.47598
8.719524102,36,0,äobes,58,16,6.57989,0,0,46.60594,24.70556,6.57989,6.57989
4.693476011,42,0,äobes,1475,29,1.94157,0,0,37.5741,23.7736,1.94157,1.94157
4.05560592,47,0,äobes,1145,26,0.76672,0,0,26.79404,0.76672,0.76672,0.76672
3.916479176,46,0,äobes,1576,31,3.19937,0,0,44.76433,23.48147,3.19937,3.19937
3.510717387,23,0,äobes,1395,32,4.51646,0,0,19.37043,18.94793,4.51646,4.51646
1.969173389,27,0,äobes,1431,36,9.28991,0,0,27.90859,20.74217,9.28991,9.28991
5.499206407,22,0,äobes,1394,21,5.05226,0,0,19.08873,19.08873,5.05226,5.05226
3.902038773,30,0,äobes,1470,25,5.61978,0,0,31.95673,21.91399,5.61978,5.61978
5.677511677,16,0,äobes,1427,11,3.76413,0,0,17.82192,17.82192,12.19488,3.76413
5.655864292,37,0,äobes,54,23,5.48145,0,0,45.1047,23.63377,5.48145,5.48145
5.918502079,34,0,äobes,57,22,7.28838,0,0,45.75225,25.46374,7.28838,7.28838
3.942473959,21,0,äobes,1393,28,4.85138,0,0,18.55334,18.55334,4.85138,4.85138
9.462454982,49,0,äobes,1184,14,2.73032,0,0,22.40736,12.37429,12.23344,2.73032
8.788062348,51,0,äobes,1188,16,5.34937,0,0,22.62648,10.68543,10.35981,5.34937
18.27070027,51,0,äobes,1187,8,4.80714,0,0,22.4515,11.03114,10.73707,4.80714
4.967537622,50,0,äobes,1179,22,5.07324,0,0,22.9158,7.8099,7.8099,5.07324
3.684951583,26,0,äobes,1389,31,2.27456,0,0,20.32739,17.41521,2.27456,2.27456
6.915660618,23,0,äobes,1392,19,3.71087,0,0,18.50252,17.91268,3.71087,3.71087
5.951054172,33,0,äobes,55,21,6.87027,0,0,44.77187,25.00415,6.87027,6.87027
6.479061411,43,0,äobes,1534,20,4.31586,0,0,46.66612,24.81716,4.31586,4.31586
4.556666557,22,0,äobes,1391,27,3.51831,0,0,18.28078,17.64245,3.51831,3.51831
6.518923773,25,0,äobes,1388,19,2.03408,0,0,20.23097,17.10661,2.03408,2.03408
8.209311881,35,0,äobes,56,16,7.54983,0,0,44.89364,25.69767,7.54983,7.54983
5.334044194,29,0,äobes,1383,18,4.06139,0,0,22.0493,17.33209,4.06139,4.06139
4.130271677,45,0,äobes,1180,25,4.26047,0,0,22.17611,8.61206,8.61206,4.26047
4.704867089,46,0,äobes,1580,29,1.86039,0,0,44.88466,23.1396,1.86039,1.86039
5.88456788,25,0,äobes,1387,21,1.76016,0,0,19.87163,16.90476,1.76016,1.76016
5.011512266,36,0,äobes,1543,21,6.32851,0,0,40.52128,20.19235,6.32851,6.32851
4.300201464,36,0,äobes,1373,25,5.34548,0,0,28.89901,7.066,5.34548,5.34548
5.699448284,35,0,äobes,1544,18,9.49089,0,0,38.84876,19.58746,9.49089,9.49089
4.050103101,21,0,äobes,1390,27,3.33627,0,0,17.53947,16.96664,3.33627,3.33627
9.554370708,43,0,äobes,1577,15,0.8265,0,0,43.37045,21.76572,0.8265,0.8265
4.079665648,50,1,äobes,1182,30,12.87053,1,50,20.50769,12.87053,12.87053,12.87053
3.867088043,28,0,äobes,1467,28,6.99123,0,0,29.30828,23.79196,6.99123,6.99123
8.109679766,47,0,äobes,1186,16,3.95282,0,0,20.56719,12.88423,12.55599,3.95282
8.61817708,39,0,äobes,1485,16,5.12208,0,0,34.79378,21.87521,5.12208,5.12208
1.77640011,19,2,äobes,84,36,8.65848,1,80,39.84373,15.64202,8.65848,8.65848
6.441939554,48,0,äobes,1185,20,3.49,0,0,20.36299,13.2418,12.93398,3.49
3.076901736,40,0,äobes,1382,36,7.23745,0,0,23.57783,16.15604,7.23745,7.23745
6.881263541,39,0,äobes,1486,20,5.18072,0,0,34.54728,21.97672,5.18072,5.18072
5.36956788,39,1,äobes,1578,25,7.92401,1,80,43.02518,21.30734,15.36777,7.92401
0.942212155,17,0,äobes,1398,48,6.44577,0,0,15.19178,15.19178,12.10404,6.44577
4.628359349,48,0,äobes,1183,26,1.90348,0,0,20.02087,14.31032,14.07637,1.90348
5.156715371,36,0,äobes,1374,22,6.39933,0,0,29.04805,8.75536,6.39933,6.39933
6.703157335,39,0,äobes,1579,20,1.26778,0,0,43.64434,21.77215,1.26778,1.26778
4.100991634,25,4,äobes,1386,27,0.52602,1,75,18.08539,15.30076,0.52602,0.52602
3.922663586,28,0,äobes,1466,28,6.80548,0,0,29.81241,24.60307,6.80548,6.80548
3.93073828,25,3,äobes,1385,28,0.52602,1,75,18.30652,15.17091,0.52602,0.52602
4.149286165,52,0,äobes,1181,29,1.07075,0,0,19.72414,12.49431,12.49431,1.07075
6.050785874,28,0,äobes,1468,19,6.12629,0,0,28.52005,24.44736,6.12629,6.12629
5.280388277,28,0,äobes,1384,20,1.85609,0,0,19.39328,15.10892,1.85609,1.85609
6.772576491,39,0,äobes,1487,20,5.74767,0,0,34.10204,21.35428,5.74767,5.74767
5.673195559,31,0,äobes,1464,20,6.43405,0,0,32.35025,23.43097,6.43405,6.43405
4.420108416,35,0,äobes,1375,25,7.05047,0,0,27.92235,8.29583,7.05047,7.05047
4.179147098,27,0,äobes,1469,26,5.81897,0,0,28.55041,24.91431,5.81897,5.81897
4.177876269,41,0,äobes,1575,32,3.30632,0,0,40.20528,18.84788,3.30632,3.30632
7.221814527,31,0,äobes,1465,16,7.33979,0,0,31.32343,23.41831,7.33979,7.33979
8.227864538,42,0,äobes,1488,17,7.25084,0,0,33.36883,19.64604,7.25084,7.25084
7.064740479,21,0,äobes,1396,11,4.61929,0,0,14.77772,14.77772,4.61929,4.61929
4.572090639,41,0,äobes,1379,30,9.64919,0,0,25.02883,13.786,9.64919,9.64919
6.164685481,39,0,äobes,1377,23,9.98297,0,0,24.49088,14.34951,9.98297,9.98297
5.754544668,39,0,äobes,1489,23,7.86989,0,0,32.85129,19.03099,7.86989,7.86989
5.768005513,35,0,äobes,1329,18,6.93529,0,0,25.69804,7.88426,6.93529,6.93529
5.757359752,39,0,äobes,1376,24,9.81492,0,0,24.06367,14.74737,9.81492,9.81492
5.328865964,45,0,äobes,53,22,7.88724,0,0,40.70286,24.66146,8.97302,7.88724
4.099168979,37,0,äobes,1535,28,4.45531,0,0,42.91431,20.76672,4.45531,4.45531
4.952867095,38,0,äobes,1378,26,9.69043,0,0,24.61612,14.14013,9.69043,9.69043
4.56338574,37,0,äobes,1490,28,9.18419,0,0,31.82587,17.71714,9.18419,9.18419
7.277579143,35,0,äobes,1573,20,6.67339,0,0,36.98894,16.02985,6.67339,6.67339
2.730566496,29,0,äobes,86,30,6.41693,0,0,37.43581,21.82307,6.41693,6.41693
5.225203078,37,0,äobes,1545,24,9.34441,0,0,35.35384,15.32189,9.34441,9.34441
4.201667481,36,0,äobes,1491,29,8.95458,0,0,31.46889,17.22613,9.67305,8.95458
6.739016512,35,0,äobes,1574,22,6.73794,0,0,36.72346,15.65427,6.73794,6.73794
5.006494756,39,0,äobes,1546,25,9.49817,0,0,34.51311,14.75477,10.29408,9.49817
5.173116298,36,0,äobes,1326,19,7.06053,0,0,20.82646,7.98112,7.06053,7.06053
4.643716538,39,0,äobes,1325,22,8.05973,0,0,19.92204,8.19103,8.05973,8.05973
6.629436986,37,0,äobes,1572,22,7.6011,0,0,35.91614,14.97561,7.6011,7.6011
4.00997635,48,0,äobes,1632,26,6.01551,0,0,16.44734,12.00606,12.00606,6.01551
6.331563581,36,0,äobes,1568,25,5.29295,0,0,37.74392,16.0412,5.29295,5.29295
4.924976404,38,0,äobes,1566,30,4.83925,0,0,38.40172,16.52338,4.83925,4.83925
4.816825514,33,0,äobes,1381,20,6.45978,0,0,19.88983,12.1413,6.45978,6.45978
6.819817277,31,0,äobes,1380,15,7.38946,0,0,22.15677,13.428,7.38946,7.38946
5.165108798,33,0,äobes,1569,29,5.8668,0,0,37.17071,15.47278,5.8668,5.8668
3.831443974,30,0,äobes,1512,27,4.08318,0,0,28.40661,22.26352,4.08318,4.08318
6.254514605,35,0,äobes,1567,25,5.54769,0,0,37.47098,15.6566,5.65318,5.54769
4.01033389,35,0,äobes,1371,28,4.8284,0,0,25.77247,11.94047,4.8284,4.8284
2.787957151,26,0,äobes,44,34,10.8412,0,0,34.42874,17.72352,10.8412,10.8412
3.045377208,26,0,äobes,43,32,10.50426,0,0,34.27841,17.8307,10.50426,10.50426
6.074881537,14,0,äobes,1399,7,10.62589,0,0,10.62589,10.62589,10.62589,10.62589
4.169192522,30,0,äobes,1513,25,4.28164,0,0,28.55507,21.69772,4.28164,4.28164
6.162910503,36,0,äobes,1372,19,4.08214,0,0,24.83262,11.5637,4.08214,4.08214
7.764057264,35,0,äobes,1571,18,8.00672,0,0,35.15713,13.92827,8.00672,8.00672
1.745265672,18,0,äobes,1510,29,3.7641,0,0,21.31062,20.07687,3.7641,3.7641
6.362519996,42,0,äobes,1328,18,4.03621,0,0,21.57941,9.95987,4.03621,4.03621
5.185663767,39,0,äobes,1536,24,2.07617,0,0,40.85447,18.67039,6.46003,2.07617
7.130625707,41,0,äobes,1327,16,4.62554,0,0,20.72575,9.82549,4.62554,4.62554
9.809705959,35,0,äobes,1570,14,8.12312,0,0,34.82413,13.4687,8.25318,8.12312
6.234382967,45,0,äobes,1324,20,8.81273,0,0,17.17537,10.61846,8.81273,8.81273
5.639154342,32,0,äobes,1492,18,9.29797,0,0,28.41283,17.40145,9.39065,9.29797
4.721001201,23,0,äobes,48,19,6.7056,0,0,33.93725,22.08361,6.7056,6.7056
2.090583407,23,1,äobes,1511,32,14.50463,1,80,24.32568,21.70021,14.50463,14.50463
5.62080193,44,0,äobes,1323,22,9.14188,0,0,16.55701,11.17689,9.14188,9.14188
6.287673964,37,0,äobes,1370,19,4.07708,0,0,25.26613,13.06124,4.07708,4.07708
3.337515073,24,0,äobes,49,26,7.20155,0,0,33.65044,22.62184,7.20155,7.20155
4.883202445,22,0,äobes,45,15,7.42092,0,0,32.78449,20.27269,7.42092,7.42092
4.158907983,33,0,äobes,1547,24,6.21668,0,0,31.24924,12.07851,12.07851,6.21668
3.162998379,29,0,äobes,1397,22,8.76216,0,0,9.42138,9.42138,8.76216,8.76216
6.038711024,24,0,äobes,42,15,10.64856,0,0,32.38229,19.69031,10.64856,10.64856
6.944778659,41,0,äobes,1322,17,10.20096,0,0,15.17297,12.42945,10.20096,10.20096
5.973808803,38,0,äobes,1564,25,2.18488,0,0,37.50037,15.3271,7.42577,2.18488
5.333026322,37,0,äobes,1565,27,2.55052,0,0,37.20166,15.03611,7.48486,2.55052
3.632245385,35,1,äobes,1537,33,7.92401,1,20,38.95499,16.78403,7.92401,7.92401
5.503072996,46,0,äobes,1303,20,8.0985,0,0,12.4422,12.4422,12.4422,8.0985
4.615433813,20,0,äobes,41,17,10.50867,0,0,31.69192,20.4113,10.50867,10.50867
5.290745443,39,0,äobes,1563,27,1.65566,0,0,37.56682,15.38269,7.91445,1.65566
2.136883495,23,0,äobes,46,35,8.17593,0,0,31.76196,22.68903,8.17593,8.17593
3.001460886,26,0,äobes,47,29,8.59443,0,0,32.03507,23.78501,8.59443,8.59443
5.171065654,46,0,äobes,1302,21,8.6669,0,0,11.88935,11.88935,11.88935,8.6669
9.083086172,55,0,äobes,1225,17,11.24983,0,0,18.35177,11.37998,11.24983,11.24983
6.47892147,52,0,äobes,1228,21,12.55991,0,0,16.94602,12.71922,12.55991,12.55991
9.521738979,52,0,äobes,1226,16,11.51906,0,0,18.16488,11.63611,11.51906,11.51906
5.072118039,39,0,äobes,1368,23,3.43114,0,0,24.36012,15.10951,3.43114,3.43114
5.852186755,57,0,äobes,1227,26,11.08258,0,0,18.74634,11.1791,11.08258,11.08258
7.787276664,42,0,äobes,1369,16,2.52115,0,0,23.53657,14.67872,2.52115,2.52115
4.939607307,47,3,äobes,1330,25,10.15299,1,60,21.22758,13.87742,13.60769,10.15299
2.939954253,27,0,äobes,1514,35,5.18478,0,0,25.57612,13.07543,12.49421,5.18478
3.658187555,27,0,äobes,1515,29,4.56362,0,0,25.55157,12.51805,12.51805,4.56362
6.321308931,41,0,äobes,1304,18,10.22518,0,0,10.71928,10.71928,10.71928,10.22518
6.258487427,51,0,äobes,1300,20,11.65063,0,0,11.65063,11.65063,11.65063,11.65063
6.211828269,50,0,äobes,1301,20,11.38036,0,0,11.38036,11.38036,11.38036,11.38036
6.159209097,55,0,äobes,1229,23,11.23767,0,0,15.13944,14.53368,14.3791,11.23767
4.092655621,49,0,äobes,1230,31,11.37162,0,0,14.33871,14.33871,14.33871,11.37162
2.545486235,32,0,äobes,1493,32,6.78595,0,0,24.1541,17.94634,6.78595,6.78595
3.255730499,27,0,äobes,1516,31,4.94351,0,0,24.83181,12.58895,12.58895,4.94351
4.020356546,37,0,äobes,1367,25,4.37286,0,0,24.37076,14.23907,4.37286,4.37286
2.846176228,27,0,äobes,1426,32,3.23908,0,0,19.29112,8.8265,3.23908,3.23908
3.467873804,27,0,äobes,1425,28,2.08863,0,0,18.14998,7.87686,2.08863,2.08863
4.048475657,31,0,äobes,1548,27,5.1523,0,0,28.64307,8.08729,8.08729,5.1523
6.00416226,42,0,äobes,1311,23,9.40523,0,0,12.9468,12.9468,9.40523,9.40523
5.121917748,24,0,äobes,1402,21,7.78452,0,0,7.78452,7.78452,7.78452,7.78452
5.107229675,23,0,äobes,1404,20,8.17332,0,0,8.17332,8.17332,8.17332,8.17332
3.919416868,36,0,äobes,1562,27,3.25703,0,0,36.79053,14.81592,11.07445,3.25703
4.066528574,44,0,äobes,1317,30,10.34193,0,0,10.34193,10.34193,10.34193,10.34193
6.88706668,46,0,äobes,1321,21,7.12218,0,0,14.53331,14.53331,7.12218,7.12218
3.229114865,23,0,äobes,1401,29,6.51346,0,0,6.51346,6.51346,6.51346,6.51346
8.31308037,45,0,äobes,1312,17,10.90321,0,0,11.79148,11.79148,10.90321,10.90321
3.536313064,26,0,äobes,52,29,12.61388,0,0,30.77938,25.92562,13.08981,12.61388
2.910273436,29,2,äobes,1424,34,4.76764,1,60,16.06141,6.06542,4.76764,4.76764
10.4905117,42,0,äobes,1310,14,9.36764,0,0,12.7992,12.7992,9.36764,9.36764
5.354316472,26,0,äobes,50,20,12.87258,0,0,30.40079,26.51982,12.87258,12.87258
4.361361613,31,0,äobes,1423,25,0.64312,0,0,15.41837,5.53788,0.64312,0.64312
3.928420882,24,0,äobes,1403,26,7.53678,0,0,7.53678,7.53678,7.53678,7.53678
7.854845055,46,0,äobes,1320,19,7.25787,0,0,14.258,14.258,7.25787,7.25787
3.448167165,26,0,äobes,51,30,12.97118,0,0,30.27062,26.02511,13.35176,12.97118
3.599245924,32,0,äobes,1549,30,5.67249,0,0,28.37729,7.36629,7.36629,5.67249
3.713492141,30,0,äobes,1550,28,4.73452,0,0,27.57589,6.97649,6.97649,4.73452
4.866671983,38,0,äobes,1299,22,8.59272,0,0,8.59272,8.59272,8.59272,8.59272
3.973858115,25,1,äobes,1551,23,8.32614,1,30,25.08248,8.32614,8.32614,8.32614
4.926027722,25,0,äobes,1552,19,0.32121,0,0,24.88374,8.00896,8.00896,0.32121
5.920752682,45,0,äobes,1313,23,10.17256,0,0,10.17256,10.17256,10.17256,10.17256
8.76737511,47,0,äobes,1319,17,7.08908,0,0,14.15825,14.15825,7.08908,7.08908
10.70692638,46,0,äobes,1309,14,9.89844,0,0,11.64035,11.64035,9.89844,9.89844
8.862123919,47,0,äobes,1318,17,7.71027,0,0,13.53847,13.53847,7.71027,7.71027
10.0016615,51,0,äobes,1251,14,8.67884,0,0,16.17434,14.81695,14.77297,8.67884
4.446248779,44,0,äobes,1250,26,9.74503,0,0,10.51185,10.51185,10.51185,9.74503
4.54711302,31,0,äobes,1541,27,8.84454,0,0,31.417,20.56664,15.9243,8.84454
4.12837978,25,0,äobes,1508,22,8.70575,0,0,17.07089,12.99965,8.70575,8.70575
2.639772586,26,0,äobes,1509,33,9.27442,0,0,16.26419,12.43738,9.27442,9.27442
5.550733022,50,0,äobes,1253,24,9.41269,0,0,18.31003,13.91005,13.91005,9.41269
6.148380414,35,0,äobes,1298,18,7.59127,0,0,7.59127,7.59127,7.59127,7.59127
5.899165843,31,0,äobes,1540,22,9.15383,0,0,31.05491,20.58848,16.27974,9.15383
4.976156156,48,0,äobes,1332,25,5.02953,0,0,16.83681,16.83681,5.02953,5.02953
4.127010355,24,0,äobes,107,21,14.87018,0,0,26.13436,25.97157,14.87018,14.87018
3.645504262,25,0,äobes,106,24,15.0604,0,0,26.1416,25.9418,15.0604,15.0604
5.623386612,30,0,äobes,1539,22,8.96524,0,0,31.10736,20.1531,16.20758,8.96524
4.070923069,29,0,äobes,1542,27,10.32302,0,0,30.115,21.62295,17.29395,10.32302
5.370224768,50,0,äobes,1252,25,8.48015,0,0,17.41735,14.80977,14.80977,8.48015
5.437219336,41,0,äobes,1316,22,7.3235,0,0,7.3235,7.3235,7.3235,7.3235
5.85757473,49,0,äobes,1237,25,7.42369,0,0,13.22989,13.22989,13.22989,7.42369
4.804345532,41,0,äobes,1315,25,7.53961,0,0,7.53961,7.53961,7.53961,7.53961
5.97199726,36,0,äobes,1297,19,6.82995,0,0,6.82995,6.82995,6.82995,6.82995
4.720048272,39,0,äobes,1296,24,6.08621,0,0,6.08621,6.08621,6.08621,6.08621
6.215391483,49,0,äobes,1307,24,10.04922,0,0,11.17838,11.17838,10.04922,10.04922
6.096034149,49,0,äobes,1236,24,7.02951,0,0,12.44712,12.44712,12.44712,7.02951
2.674618828,26,0,äobes,1418,33,0.76528,0,0,0.76528,0.76528,0.76528,0.76528
7.612309225,51,0,äobes,1235,20,6.65751,0,0,13.02354,13.02354,13.02354,6.65751
3.249078888,21,3,äobes,1354,32,1.05042,1,75,12.6099,1.33581,1.05042,1.05042
6.82855316,51,0,äobes,1308,22,10.23925,0,0,10.23925,10.23925,10.23925,10.23925
4.223615287,38,0,äobes,1295,26,5.76121,0,0,5.76121,5.76121,5.76121,5.76121
4.700883819,25,0,äobes,93,19,13.52621,0,0,27.44006,24.16784,17.05192,13.52621
4.227009088,25,0,äobes,1355,28,0.51313,0,0,11.57166,0.51313,0.51313,0.51313
3.338009995,26,1,äobes,1417,28,10.60632,1,120,31.70684,10.60632,10.60632,10.60632
3.008474291,26,0,äobes,105,26,17.00911,0,0,24.23984,24.23984,17.00911,17.00911
4.589129135,24,1,äobes,1356,26,0.83876,1,100,11.54352,11.54352,0.83876,0.83876
3.204871179,27,0,äobes,1407,28,7.9327,0,0,12.43253,7.9327,7.9327,7.9327
4.215068649,22,1,äobes,1357,27,0.83876,1,75,12.36267,0.83876,0.83876,0.83876
2.852333676,21,0,äobes,1353,32,1.74719,0,0,14.10763,2.57912,1.74719,1.74719
3.277480016,25,0,äobes,1494,27,10.19082,0,0,18.40751,12.50872,10.19082,10.19082
8.033444271,49,0,äobes,1334,18,7.73292,0,0,15.49302,15.49302,7.73292,7.73292
2.8848796,25,0,äobes,1495,30,10.60977,0,0,18.03779,12.14483,10.60977,10.60977
5.262645536,44,0,äobes,1333,25,8.85297,0,0,13.60833,13.60833,8.85297,8.85297
2.78682075,31,3,äobes,1350,30,8.42955,1,50,21.03356,10.43509,8.42955,8.42955
10.23866685,46,0,äobes,1314,12,7.10737,0,0,7.10737,7.10737,7.10737,7.10737
3.64601448,29,0,äobes,1561,28,9.72529,0,0,30.51736,16.25,16.25,9.72529
4.346775732,28,0,äobes,1408,26,5.5344,0,0,8.59461,5.5344,5.5344,5.5344
6.83691202,48,0,äobes,1335,21,8.31045,0,0,15.39731,15.39731,8.31045,8.31045
3.700671306,26,0,äobes,1505,31,11.09203,0,0,17.65948,11.09203,11.09203,11.09203
5.924543477,45,0,äobes,1336,22,8.16255,0,0,16.09144,16.09144,8.16255,8.16255
6.259243771,26,0,äobes,1504,20,11.02685,0,0,17.63853,11.02685,11.02685,11.02685
6.985956568,48,0,äobes,1234,20,5.3504,0,0,9.75752,9.75752,9.75752,5.3504
4.166354675,40,0,äobes,1305,30,10.98596,0,0,10.98596,10.98596,10.98596,10.98596
5.172228089,29,0,äobes,1409,23,5.01371,0,0,8.29224,5.01371,5.01371,5.01371
3.10265215,33,0,äobes,1352,28,1.0103,0,0,20.02341,11.0566,9.39233,1.0103
18.66834871,47,0,äobes,1233,8,5.03152,0,0,9.74439,9.74439,9.74439,5.03152
4.43010331,28,0,äobes,1410,26,4.88618,0,0,8.71136,4.88618,4.88618,4.88618
3.16205835,25,0,äobes,1412,32,3.80877,0,0,3.80877,3.80877,3.80877,3.80877
5.229805563,47,0,äobes,1232,26,4.49546,0,0,10.19347,10.19347,10.19347,4.49546
3.764225566,25,0,äobes,1507,30,11.91432,0,0,18.97573,11.91432,11.91432,11.91432
4.305087976,40,0,äobes,1306,28,9.96076,0,0,9.96076,9.96076,9.96076,9.96076
3.230874758,24,0,äobes,1506,34,11.57424,0,0,18.76326,11.57424,11.57424,11.57424
5.330802717,31,0,äobes,94,20,18.12367,0,0,22.85649,22.85649,18.12367,18.12367
3.732923144,28,0,äobes,1560,24,10.44952,0,0,31.52612,11.17948,11.17948,10.44952
6.610691558,25,0,äobes,1414,17,4.29816,0,0,4.29816,4.29816,4.29816,4.29816
17.63274916,38,0,äobes,1337,6,7.74165,0,0,16.46255,16.46255,9.08943,7.74165
5.190643815,26,0,äobes,1413,21,4.06007,0,0,4.06007,4.06007,4.06007,4.06007
4.05367743,24,0,äobes,1557,20,8.15853,0,0,28.81807,8.15853,8.15853,8.15853
16.40861158,30,0,äobes,1411,7,3.96642,0,0,8.06218,3.96642,3.96642,3.96642
4.434686763,29,0,äobes,96,23,18.632,0,0,22.23475,22.23475,18.632,18.632
3.967432729,30,0,äobes,95,26,18.73412,0,0,22.35733,22.33492,18.73412,18.73412
8.284738473,54,0,äobes,1238,18,2.80598,0,0,12.85632,12.85632,12.85632,2.80598
2.817146595,21,0,äobes,1359,30,3.9349,0,0,9.86131,3.9349,3.9349,3.9349
1.751441549,20,2,äobes,1555,42,8.32614,1,100,22.18415,19.40423,18.6404,8.32614
4.029525954,32,0,äobes,89,33,12.23865,0,0,27.94741,17.649,17.649,12.23865
5.147806515,33,0,äobes,91,24,13.15479,0,0,26.69273,19.55202,19.55202,13.15479
7.981358417,50,0,äobes,1239,18,2.34822,0,0,12.2506,12.2506,12.2506,2.34822
3.371696766,23,0,äobes,1358,27,3.59571,0,0,11.94553,3.64854,3.59571,3.59571
4.216738609,19,0,äobes,1553,14,8.86345,0,0,16.31164,9.50712,9.50712,8.86345
3.748007288,32,0,äobes,88,35,12.56471,0,0,27.83725,17.25248,17.25248,12.56471
4.69727929,33,0,äobes,90,29,13.17542,0,0,26.90997,18.50824,18.50824,13.17542
4.194341177,41,0,äobes,1338,26,9.61546,0,0,14.98131,14.98131,10.50092,9.61546
9.376269897,38,0,äobes,1339,13,11.51891,0,0,12.9877,12.9877,11.51891,11.51891
4.41507814,40,0,äobes,1294,22,0.73447,0,0,0.73447,0.73447,0.73447,0.73447
2.521820828,26,0,äobes,1420,32,5.75658,0,0,6.53656,6.53656,5.75658,5.75658
8.000471131,38,0,äobes,1340,15,11.8191,0,0,12.46197,12.46197,11.8191,11.8191
1.78385304,21,0,äobes,1556,43,0.95261,0,0,22.12134,0.95261,0.95261,0.95261
3.618452073,27,0,äobes,1415,26,5.31218,0,0,5.31218,5.31218,5.31218,5.31218
2.690291152,21,0,äobes,1554,24,5.08169,0,0,18.2826,5.08169,5.08169,5.08169
3.437715192,24,0,äobes,1559,24,9.62275,0,0,29.31968,9.62275,9.62275,9.62275
6.899267057,21,0,äobes,1558,12,8.58445,0,0,28.32743,8.58445,8.58445,8.58445
2.666087509,21,0,äobes,1499,30,10.23905,0,0,15.83087,10.23905,10.23905,10.23905
8.695658675,26,0,äobes,1360,11,5.64162,0,0,9.48324,5.72204,5.64162,5.64162
4.352598296,40,1,äobes,1293,22,12.49802,1,120,19.88184,19.88184,19.88184,12.49802
4.248174018,36,0,äobes,87,32,13.59398,0,0,26.79294,17.90904,17.90904,13.59398
3.70534407,42,0,äobes,1231,28,6.05789,0,0,6.45279,6.45279,6.45279,6.05789
2.876569633,19,0,äobes,1497,31,7.70487,0,0,13.60342,7.70487,7.70487,7.70487
4.026657674,43,0,äobes,1292,24,5.86307,0,0,5.86307,5.86307,5.86307,5.86307
9.292519966,22,0,äobes,1361,9,5.84421,0,0,13.53752,6.05369,5.84421,5.84421
2.819562391,27,0,äobes,1500,32,10.39491,0,0,16.12413,10.39491,10.39491,10.39491
3.478849213,25,0,äobes,1501,25,8.40242,0,0,17.36174,8.40242,8.40242,8.40242
3.442745645,20,0,äobes,103,28,15.80024,0,0,17.701,17.701,17.701,15.80024
5.729405089,38,0,äobes,92,20,16.19626,0,0,23.82533,17.47343,16.58327,16.19626
3.209358905,27,0,äobes,1503,27,4.10663,0,0,13.72068,4.10663,4.10663,4.10663
4.325839444,25,0,äobes,1502,20,5.16156,0,0,14.69186,5.16156,5.16156,5.16156
2.449525975,19,0,äobes,102,36,15.78323,0,0,17.35602,17.35602,17.35602,15.78323
2.745446727,21,0,äobes,104,34,15.36741,0,0,17.33417,17.33417,17.33417,15.36741
5.001257155,30,0,äobes,1422,17,4.22143,0,0,7.4823,7.4823,4.22143,4.22143
2.418326164,32,1,äobes,1416,35,10.60632,1,100,10.60632,10.60632,10.60632,10.60632
2.585790151,20,0,äobes,204,30,5.95081,0,0,23.22738,5.95081,5.95081,5.95081
2.098890224,23,0,äobes,205,31,9.1992,0,0,13.46529,9.51808,9.1992,9.1992
1.632200213,23,0,äobes,1364,40,7.90101,0,0,17.30131,8.43769,7.90101,7.90101
3.453780466,29,0,äobes,1362,25,4.31651,0,0,12.41407,7.96369,4.31651,4.31651
2.314360732,21,0,äobes,97,31,17.0469,0,0,17.0469,17.0469,17.0469,17.0469
3.569809018,18,0,äobes,203,22,5.96212,0,0,22.46328,5.96212,5.96212,5.96212
4.407953559,37,0,äobes,1341,25,10.71606,0,0,10.71606,10.71606,10.71606,10.71606
5.33184993,34,0,äobes,1344,21,10.36445,0,0,10.36445,10.36445,10.36445,10.36445
5.469882087,39,0,äobes,1243,22,5.16953,0,0,9.06316,9.06316,9.06316,5.16953
4.022756313,29,0,äobes,195,24,14.30824,0,0,27.78632,14.30824,14.30824,14.30824
4.338456044,37,0,äobes,1343,28,10.0907,0,0,10.0907,10.0907,10.0907,10.0907
2.295163705,23,0,äobes,1346,28,8.78473,0,0,12.32617,11.87009,11.87009,8.78473
6.590119602,36,0,äobes,1342,19,9.92552,0,0,9.92552,9.92552,9.92552,9.92552
2.61568855,18,0,äobes,1365,20,8.07602,0,0,15.29404,9.03998,9.03998,8.07602
7.488481442,18,0,äobes,101,10,15.34315,0,0,15.34315,15.34315,15.34315,15.34315
8.951774053,37,0,äobes,1291,10,7.97964,0,0,7.97964,7.97964,7.97964,7.97964
2.590573763,31,0,äobes,194,36,13.43393,0,0,28.5146,13.43393,13.43393,13.43393
6.100204749,20,0,äobes,1366,10,8.33263,0,0,14.09015,9.53877,9.53877,8.33263
5.18044056,36,0,äobes,1345,22,9.27435,0,0,9.27435,9.27435,9.27435,9.27435
2.39767167,34,6,äobes,1421,38,11.3146,1,60,11.4539,11.3146,11.3146,11.3146
4.396988198,19,0,äobes,209,16,3.06588,0,0,8.84141,3.31651,3.06588,3.06588
3.036232747,31,0,äobes,1363,27,6.92164,0,0,16.19506,8.3195,6.92164,6.92164
3.012959472,23,0,äobes,212,24,7.44876,0,0,11.74488,7.44876,7.44876,7.44876
3.104164089,24,0,äobes,1347,24,9.81008,0,0,9.81008,9.81008,9.81008,9.81008
2.68594009,22,0,äobes,206,26,7.70878,0,0,10.57486,8.58538,7.70878,7.70878
3.723196667,26,0,äobes,1348,23,8.38546,0,0,8.38546,8.38546,8.38546,8.38546
3.370440238,28,0,äobes,1289,22,7.62432,0,0,7.62432,7.62432,7.62432,7.62432
2.771517409,26,0,äobes,1349,29,8.18467,0,0,8.18467,8.18467,8.18467,8.18467
2.403830683,18,0,äobes,115,32,6.7386,0,0,15.53064,15.53064,15.53064,6.7386
6.760105979,36,0,äobes,180,20,11.03488,0,0,21.38344,11.74773,11.03488,11.03488
3.583966359,33,0,äobes,1290,23,8.66068,0,0,8.66068,8.66068,8.66068,8.66068
3.243506312,16,0,äobes,116,25,6.07267,0,0,15.34679,15.34679,15.34679,6.07267
5.076857169,36,0,äobes,181,29,10.92531,0,0,22.29326,11.48917,10.92531,10.92531
1.899700997,16,2,äobes,211,37,0.90018,1,100,5.90423,5.90423,0.90018,0.90018
1.509407969,15,4,äobes,210,43,0.90018,1,70,5.80642,0.90018,0.90018,0.90018
3.096896451,17,0,äobes,201,33,9.77787,0,0,17.50481,9.77787,9.77787,9.77787
5.605376709,34,0,äobes,182,27,10.46704,0,0,22.15761,10.99207,10.46704,10.46704
3.156502023,17,0,äobes,202,31,10.39444,0,0,18.12028,10.39444,10.39444,10.39444
3.625729215,15,0,äobes,200,30,10.53148,0,0,16.89108,10.53148,10.53148,10.53148
2.880531642,15,0,äobes,117,26,5.17886,0,0,14.83414,14.83414,14.83414,5.17886
6.112191823,35,0,äobes,179,25,9.74469,0,0,21.15809,10.34763,9.74469,9.74469
4.020020385,34,0,äobes,193,25,12.89752,0,0,24.36987,13.02155,12.89752,12.89752
2.812359689,16,0,äobes,199,36,10.67763,0,0,15.88339,10.67763,10.67763,10.67763
6.750560369,34,0,äobes,183,22,10.26983,0,0,22.35979,10.72693,10.26983,10.26983
6.219866233,26,0,äobes,851,20,6.19338,0,0,14.49643,11.74978,6.19338,6.19338
2.706090232,12,0,äobes,118,24,4.48715,0,0,13.93737,13.93737,13.93737,4.48715
6.198172559,38,0,äobes,178,24,8.86168,0,0,20.09602,9.53572,8.86168,8.86168
4.858262407,26,0,äobes,850,26,6.1381,0,0,14.95385,12.42784,6.1381,6.1381
4.892328485,23,0,äobes,849,24,6.98344,0,0,14.93579,11.58085,6.98344,6.98344
3.469088118,22,0,äobes,133,30,8.8141,0,0,9.31089,9.31089,9.31089,8.8141
3.01441326,22,0,äobes,132,33,9.17076,0,0,9.17076,9.17076,9.17076,9.17076
5.244978552,22,0,äobes,848,22,7.45355,0,0,15.45661,11.84899,7.45355,7.45355
6.471223114,25,0,äobes,845,20,6.22732,0,0,15.68153,12.78665,6.22732,6.22732
2.720666806,14,0,äobes,198,36,12.11351,0,0,15.41277,12.11351,12.11351,12.11351
5.351027679,37,0,äobes,175,23,7.31345,0,0,16.77208,8.31141,7.31345,7.31345
5.456061521,25,0,äobes,844,24,6.68678,0,0,15.70943,12.68094,6.68678,6.68678
3.088508298,21,0,äobes,130,31,8.00776,0,0,8.63626,8.63626,8.63626,8.00776
4.393313752,34,0,äobes,791,27,11.16785,0,0,11.16785,11.16785,11.16785,11.16785
2.000897108,15,0,äobes,857,32,10.8767,0,0,14.65187,10.8767,10.8767,10.8767
5.168420289,34,0,äobes,790,24,11.28531,0,0,11.28531,11.28531,11.28531,11.28531
2.507650998,14,0,äobes,196,38,12.25055,0,0,15.75256,12.66052,12.66052,12.25055
2.014108611,16,0,äobes,207,28,4.98514,0,0,5.24205,5.24205,4.98514,4.98514
2.984732647,23,0,äobes,131,33,8.14651,0,0,8.14651,8.14651,8.14651,8.14651
5.340231348,29,0,äobes,184,24,8.9906,0,0,21.26967,9.23973,8.9906,8.9906
5.462294436,22,0,äobes,846,23,7.30703,0,0,15.28137,13.00115,7.30703,7.30703
5.006747185,22,0,äobes,847,24,7.66666,0,0,15.21245,13.20457,7.66666,7.66666
2.322002974,13,0,äobes,197,37,12.42328,0,0,16.52317,12.80609,12.80609,12.42328
3.246368665,15,0,äobes,858,22,11.39154,0,0,14.32825,11.39154,11.39154,11.39154
4.958671777,32,0,äobes,789,24,11.4738,0,0,11.75164,11.4738,11.4738,11.4738
7.27994525,34,0,äobes,794,17,9.58025,0,0,9.6939,9.58025,9.58025,9.58025
5.233961736,34,0,äobes,177,26,7.17982,0,0,19.8701,7.65678,7.17982,7.17982
2.168942295,15,0,äobes,859,26,6.76649,0,0,6.98361,6.76649,6.76649,6.76649
5.423606115,34,0,äobes,793,22,9.3972,0,0,9.51955,9.3972,9.3972,9.3972
4.545144482,34,0,äobes,174,24,6.66617,0,0,14.18992,7.84629,6.66617,6.66617
2.259562186,28,0,äobes,815,31,4.47809,0,0,11.00385,4.47809,4.47809,4.47809
3.143751255,23,1,äobes,817,26,0.40497,1,100,9.68223,0.40497,0.40497,0.40497
7.134980076,19,0,äobes,208,10,10.07342,0,0,11.37251,10.72566,10.07342,10.07342
3.428724172,23,1,äobes,816,24,0.40497,1,100,9.65399,0.40497,0.40497,0.40497
7.138849828,26,0,äobes,185,18,8.31459,0,0,20.17227,8.42703,8.31459,8.31459
2.487643907,20,0,äobes,853,30,10.59842,0,0,16.969,10.59842,10.59842,10.59842
3.483138523,32,0,äobes,797,33,5.41704,0,0,5.41704,5.41704,5.41704,5.41704
6.631167328,31,0,äobes,792,17,9.10551,0,0,9.1423,9.10551,9.10551,9.10551
8.791117613,34,0,äobes,172,14,5.34884,0,0,14.48531,6.50444,5.34884,5.34884
6.036467263,33,0,äobes,176,20,5.15028,0,0,17.07903,5.9652,5.15028,5.15028
7.580620768,34,0,äobes,173,16,5.40915,0,0,14.13783,6.58773,5.40915,5.40915
13.56283355,33,0,äobes,796,10,5.50243,0,0,5.50243,5.50243,5.50243,5.50243
5.672806222,35,0,äobes,798,23,4.53774,0,0,4.53774,4.53774,4.53774,4.53774
6.791206106,28,0,äobes,186,20,7.00865,0,0,19.1331,7.15333,7.00865,7.00865
3.822431708,30,0,äobes,818,26,2.40583,0,0,9.53902,2.82966,2.40583,2.40583
2.70433338,21,0,äobes,852,28,11.46991,0,0,15.84934,11.46991,11.46991,11.46991
6.320396123,27,0,äobes,188,21,7.59832,0,0,19.14162,7.60009,7.59832,7.59832
8.156814977,37,0,äobes,812,14,1.34288,0,0,1.34288,1.34288,1.34288,1.34288
4.895379742,29,0,äobes,843,25,8.19928,0,0,13.44828,8.96495,8.19928,8.19928
1.953070828,17,0,äobes,854,33,11.66735,0,0,16.85225,11.66735,11.66735,11.66735
5.271383511,27,0,äobes,187,25,7.1174,0,0,18.84216,7.14861,7.1174,7.1174
4.988368898,37,0,äobes,799,26,4.25647,0,0,4.25647,4.25647,4.25647,4.25647
4.057636593,20,0,äobes,154,16,5.80577,0,0,5.80577,5.80577,5.80577,5.80577
3.58598828,38,2,äobes,811,30,2.97978,1,120,5.90595,2.97978,2.97978,2.97978
1.396342906,14,7,äobes,861,36,2.10852,1,120,21.16766,5.90423,2.10852,2.10852
1.935257788,17,3,äobes,129,28,11.23445,1,40,11.23445,11.23445,11.23445,11.23445
6.314832353,28,0,äobes,842,20,7.75609,0,0,12.87194,8.51393,7.75609,7.75609
4.099803689,27,0,äobes,840,30,9.30227,0,0,12.25549,10.0509,9.30227,9.30227
4.051614033,34,0,äobes,795,29,4.6191,0,0,4.93127,4.6191,4.6191,4.6191
4.948348015,28,0,äobes,841,26,8.29707,0,0,12.33182,9.04572,8.29707,8.29707
3.541429527,32,0,äobes,819,30,1.82818,0,0,8.96841,2.59077,1.82818,1.82818
1.79599905,10,0,äobes,856,31,13.83883,0,0,14.93946,13.83883,13.83883,13.83883
1.646868543,9,0,äobes,855,32,13.32742,0,0,15.69964,13.32742,13.32742,13.32742
4.681828201,29,0,äobes,839,26,9.6325,0,0,11.40135,10.3631,9.6325,9.6325
1.324399573,17,1,äobes,862,40,2.10852,1,70,2.10852,2.10852,2.10852,2.10852
4.167643371,25,1,äobes,822,25,0.67058,1,60,7.1148,0.67058,0.67058,0.67058
4.52566981,26,1,äobes,820,24,0.7701,1,70,7.31831,0.7701,0.7701,0.7701
4.596707139,29,0,äobes,838,26,8.55308,0,0,11.20377,9.27321,8.55308,8.55308
4.4810212,25,3,äobes,821,24,0.67058,1,100,6.72788,4.61382,0.67058,0.67058
3.136151812,30,1,äobes,810,30,2.97978,1,100,2.97978,2.97978,2.97978,2.97978
6.657019249,28,0,äobes,161,16,7.44153,0,0,8.19267,8.19267,7.44153,7.44153
4.82239643,26,0,äobes,190,24,7.35098,0,0,17.11674,7.35098,7.35098,7.35098
4.607286302,26,0,äobes,160,22,6.92561,0,0,8.58782,7.96741,6.92561,6.92561
4.666932631,26,0,äobes,189,24,6.62383,0,0,16.47802,6.62383,6.62383,6.62383
5.504352798,26,0,äobes,191,21,7.36141,0,0,16.71347,7.36141,7.36141,7.36141
3.672822002,25,0,äobes,192,27,7.98898,0,0,16.95422,7.98898,7.98898,7.98898
4.3789512,26,0,äobes,159,23,6.39104,0,0,8.8057,7.38486,6.39104,6.39104
4.882755048,26,0,äobes,158,20,6.00472,0,0,9.02842,6.95656,6.00472,6.00472
2.715979986,26,0,äobes,837,29,9.26807,0,0,9.26807,9.26807,9.26807,9.26807
2.702994145,34,1,äobes,171,42,1.23037,1,60,13.88049,1.23037,1.23037,1.23037
3.954382955,35,3,äobes,802,30,0.9882,1,110,0.9882,0.9882,0.9882,0.9882
6.473242122,37,0,äobes,800,20,0.71176,0,0,0.71176,0.71176,0.71176,0.71176
5.251909651,27,0,äobes,809,20,2.62641,0,0,5.22035,2.62641,2.62641,2.62641
3.59544441,36,5,äobes,801,33,0.9882,1,120,5.90595,0.9882,0.9882,0.9882
3.060752343,33,0,äobes,170,36,1.41544,0,0,13.09552,1.41544,1.41544,1.41544
2.819151758,34,1,äobes,169,41,1.23037,1,100,12.93205,12.93205,1.23037,1.23037
2.070854905,17,2,äobes,155,33,11.23445,1,150,20.13817,15.63925,14.87161,11.23445
5.455352831,26,0,äobes,808,19,3.06683,0,0,5.37439,3.06683,3.06683,3.06683
4.451212759,31,0,äobes,814,23,7.05823,0,0,7.05823,7.05823,7.05823,7.05823
1.083694044,10,0,äobes,1633,30,12.56913,0,0,12.75659,12.56913,12.56913,12.56913
3.194628189,33,0,äobes,813,32,7.42761,0,0,7.42761,7.42761,7.42761,7.42761
3.758394975,29,0,äobes,823,28,3.82095,0,0,4.11625,3.82095,3.82095,3.82095
2.722642345,17,0,äobes,157,28,1.03646,0,0,1.03646,1.03646,1.03646,1.03646
2.791033587,18,0,äobes,156,28,1.08606,0,0,1.08606,1.08606,1.08606,1.08606
5.184128726,29,0,äobes,824,21,3.19588,0,0,3.19588,3.19588,3.19588,3.19588
4.992311164,29,0,äobes,805,24,5.2958,0,0,8.21793,5.2958,5.2958,5.2958
5.493894206,29,0,äobes,806,22,5.73078,0,0,8.68483,5.73078,5.73078,5.73078
4.418733972,31,0,äobes,835,24,4.60797,0,0,4.60797,4.60797,4.60797,4.60797
5.516916989,27,0,äobes,804,21,5.47207,0,0,7.62974,5.47207,5.47207,5.47207
5.006543349,30,0,äobes,807,24,6.27615,0,0,9.2119,6.27615,6.27615,6.27615
4.135680867,33,0,äobes,836,26,3.91629,0,0,3.91629,3.91629,3.91629,3.91629
3.800784348,26,0,äobes,466,26,2.11511,0,0,10.87788,2.50649,2.50649,2.11511
3.640143941,30,1,äobes,825,28,4.97293,1,120,5.13588,5.13588,4.97293,4.97293
6.362873703,28,0,äobes,803,18,6.07498,0,0,7.7003,6.07498,6.07498,6.07498
3.958477553,30,0,äobes,462,29,1.75536,0,0,10.75407,1.75536,1.75536,1.75536
3.837444933,26,1,äobes,465,29,0.57401,1,40,10.28495,0.57401,0.57401,0.57401
5.053685418,25,0,äobes,467,20,2.38717,0,0,10.25155,2.63379,2.63379,2.38717
3.914144678,27,0,äobes,463,29,1.08123,0,0,10.20147,1.08123,1.08123,1.08123
4.29504934,27,2,äobes,464,27,0.57401,1,100,9.7762,9.7762,9.7762,0.57401
4.045032836,24,0,äobes,468,21,6.65572,0,0,10.13713,6.82978,6.82978,6.65572
5.059131516,35,0,äobes,826,24,1.98687,0,0,1.98687,1.98687,1.98687,1.98687
2.169702501,20,0,äobes,162,37,8.61256,0,0,10.14669,8.61256,8.61256,8.61256
5.543329174,34,0,äobes,827,22,2.39486,0,0,2.39486,2.39486,2.39486,2.39486
2.341111044,22,0,äobes,460,36,5.90548,0,0,11.52312,7.5587,5.90548,5.90548
2.268320767,21,0,äobes,163,37,9.06472,0,0,9.70089,9.06472,9.06472,9.06472
2.010837325,24,0,äobes,783,28,9.95164,0,0,9.95164,9.95164,9.95164,9.95164
3.832241077,33,0,äobes,768,31,9.2517,0,0,9.52146,9.2517,9.2517,9.2517
3.177608555,30,2,äobes,834,30,1.4085,1,120,5.13588,5.13588,1.4085,1.4085
4.388530652,24,0,äobes,471,22,6.72184,0,0,8.93324,6.72184,6.72184,6.72184
4.924857168,32,0,äobes,767,24,9.36941,0,0,9.36941,9.36941,9.36941,9.36941
4.519680349,34,0,äobes,769,26,9.9157,0,0,10.59611,9.9157,9.9157,9.9157
0.815028035,9,0,äobes,867,45,1.25115,0,0,9.10766,1.25115,1.25115,1.25115
4.291752329,25,0,äobes,470,23,6.30892,0,0,8.27087,6.30892,6.30892,6.30892
3.232140704,18,0,äobes,740,25,1.06969,0,0,1.06969,1.06969,1.06969,1.06969
3.798643927,31,1,äobes,833,27,1.4085,1,70,1.4085,1.4085,1.4085,1.4085
3.527331027,22,0,äobes,459,27,4.26392,0,0,11.3092,8.82693,4.26392,4.26392
1.411177404,14,0,äobes,149,30,7.57128,0,0,7.57128,7.57128,7.57128,7.57128
2.876045927,24,0,äobes,472,29,8.23082,0,0,9.01562,8.23082,8.23082,8.23082
2.765329219,15,1,äobes,741,26,8.71474,1,120,11.2341,8.71474,8.71474,8.71474
2.941296574,16,0,äobes,739,27,1.00134,0,0,1.00134,1.00134,1.00134,1.00134
5.015772887,30,0,äobes,476,21,4.42276,0,0,7.10376,4.42276,4.42276,4.42276
4.29834644,36,0,äobes,828,31,4.7832,0,0,5.28726,5.28726,4.7832,4.7832
3.930357865,19,0,äobes,166,18,5.01082,0,0,5.01082,5.01082,5.01082,5.01082
1.007930904,8,3,äobes,866,38,8.71474,1,110,8.71474,8.71474,8.71474,8.71474
3.257786403,18,0,äobes,458,31,2.13394,0,0,12.96972,11.52661,2.13394,2.13394
2.78843118,15,0,äobes,738,26,1.16949,0,0,1.16949,1.16949,1.16949,1.16949
5.752965198,35,0,äobes,829,25,4.58263,0,0,5.68136,5.68136,4.58263,4.58263
2.585891309,18,0,äobes,165,24,9.68862,0,0,9.68862,9.68862,9.68862,9.68862
4.023766794,33,0,äobes,766,26,11.64471,0,0,11.83622,11.64471,11.64471,11.64471
5.799977772,18,0,äobes,457,20,2.01161,0,0,12.42033,11.20196,2.01161,2.01161
2.801533271,21,0,äobes,164,26,7.52155,0,0,7.52155,7.52155,7.52155,7.52155
4.541086318,18,0,äobes,456,25,1.63233,0,0,12.37111,11.45565,1.63233,1.63233
5.36655358,37,0,äobes,832,27,5.19886,0,0,6.36379,6.36379,5.19886,5.19886
5.25871994,34,0,äobes,830,26,4.4573,0,0,5.8538,5.8538,4.4573,4.4573
5.575127202,35,0,äobes,831,25,5.20861,0,0,6.60388,6.60388,5.20861,5.20861
7.06003422,36,0,äobes,475,17,4.50245,0,0,4.50245,4.50245,4.50245,4.50245
5.025001413,31,0,äobes,474,23,4.47666,0,0,4.47666,4.47666,4.47666,4.47666
1.143587217,9,0,äobes,152,36,14.65295,0,0,14.70464,14.70464,14.70464,14.65295
3.612933983,20,0,äobes,455,30,1.10705,0,0,11.56894,11.56894,1.10705,1.10705
4.586271821,31,0,äobes,473,25,4.00704,0,0,4.00704,4.00704,4.00704,4.00704
2.606721648,15,3,äobes,454,35,0.78716,1,70,12.63163,12.63163,0.78716,0.78716
2.615446091,19,1,äobes,453,37,0.78716,1,60,11.9719,11.9719,0.78716,0.78716
4.890410674,36,0,äobes,477,23,3.75514,0,0,3.75514,3.75514,3.75514,3.75514
1.304503353,15,0,äobes,446,38,4.3333,0,0,4.3333,4.3333,4.3333,4.3333
1.855868494,12,0,äobes,150,27,14.52117,0,0,14.52117,14.52117,14.52117,14.52117
3.62428206,32,0,äobes,500,27,7.14299,0,0,7.14299,7.14299,7.14299,7.14299
3.81386002,13,0,äobes,151,16,14.74874,0,0,14.74874,14.74874,14.74874,14.74874
1.578402853,16,2,äobes,448,38,2.64016,1,150,2.64016,2.64016,2.64016,2.64016
2.207600439,16,0,äobes,865,24,6.06301,0,0,6.06301,6.06301,6.06301,6.06301
5.772309984,29,0,äobes,750,19,6.40967,0,0,7.60806,7.60806,6.40967,6.40967
6.608531731,29,0,äobes,749,17,6.59439,0,0,7.81405,7.81405,6.59439,6.59439
3.029575381,34,1,äobes,478,38,9.7762,1,120,21.16766,9.7762,9.7762,9.7762
3.818317727,30,0,äobes,479,30,1.0841,0,0,1.0841,1.0841,1.0841,1.0841
1.829117655,17,4,äobes,447,33,2.64016,1,120,2.64016,2.64016,2.64016,2.64016
2.81012144,18,0,äobes,737,27,7.03984,0,0,7.03984,7.03984,7.03984,7.03984
3.786455941,31,0,äobes,480,30,1.31922,0,0,1.31922,1.31922,1.31922,1.31922
5.848858076,29,0,äobes,748,19,8.00669,0,0,9.22025,9.22025,8.00669,8.00669
3.016469186,18,0,äobes,736,26,7.54511,0,0,7.54511,7.54511,7.54511,7.54511
4.442633987,31,0,äobes,502,28,8.67309,0,0,8.67309,8.67309,8.67309,8.67309
3.998490804,18,0,äobes,735,20,7.74086,0,0,7.74086,7.74086,7.74086,7.74086
8.202777961,29,0,äobes,745,14,8.3313,0,0,8.55314,8.55314,8.3313,8.3313
5.476741041,31,0,äobes,501,23,8.28678,0,0,8.28678,8.28678,8.28678,8.28678
9.860809255,29,0,äobes,746,12,8.41401,0,0,8.41401,8.41401,8.41401,8.41401
2.903303138,22,0,äobes,449,26,2.49247,0,0,2.49247,2.49247,2.49247,2.49247
4.902614818,30,0,äobes,503,26,8.93952,0,0,8.93952,8.93952,8.93952,8.93952
5.441382719,29,0,äobes,742,18,8.69187,0,0,8.69187,8.69187,8.69187,8.69187
1.421541617,17,0,äobes,505,40,7.65281,0,0,7.65281,7.65281,7.65281,7.65281
3.796956495,27,0,äobes,504,30,9.27553,0,0,9.27553,9.27553,9.27553,9.27553
6.808407205,29,0,äobes,747,16,7.89065,0,0,7.89065,7.89065,7.89065,7.89065
0.962856299,13,0,äobes,146,41,16.19807,0,0,16.19807,16.19807,16.19807,16.19807
6.857614215,29,0,äobes,744,16,7.67274,0,0,7.67274,7.67274,7.67274,7.67274
2.136353445,29,0,äobes,743,40,8.2454,0,0,8.2454,8.2454,8.2454,8.2454
2.139002137,29,0,äobes,864,33,8.5936,0,0,11.00868,9.15858,8.5936,8.5936
3.520929124,17,0,äobes,506,20,6.34831,0,0,6.34831,6.34831,6.34831,6.34831
2.129184132,19,0,äobes,442,26,8.05246,0,0,8.05246,8.05246,8.05246,8.05246
6.276055372,21,0,äobes,513,16,9.52697,0,0,9.52697,9.52697,9.52697,9.52697
4.501467802,29,0,äobes,497,20,6.22702,0,0,7.27882,7.27882,7.27882,6.22702
2.191051571,21,0,äobes,451,30,6.98974,0,0,6.98974,6.98974,6.98974,6.98974
4.073245326,21,0,äobes,512,25,9.98537,0,0,9.98537,9.98537,9.98537,9.98537
3.031939103,21,0,äobes,443,24,6.88117,0,0,6.88117,6.88117,6.88117,6.88117
3.847349012,19,0,äobes,508,24,8.22497,0,0,8.22497,8.22497,8.22497,8.22497
2.640219388,22,0,äobes,444,31,5.89502,0,0,5.89502,5.89502,5.89502,5.89502
4.987837106,20,0,äobes,445,18,6.00575,0,0,6.00575,6.00575,6.00575,6.00575
4.921197281,27,0,äobes,498,18,6.14635,0,0,6.73681,6.73681,6.73681,6.14635
2.238380385,23,0,äobes,516,33,1.07819,0,0,1.07819,1.07819,1.07819,1.07819
3.901605055,21,0,äobes,511,25,8.74361,0,0,10.6694,10.6694,10.6694,8.74361
3.407620103,20,0,äobes,863,19,4.07242,0,0,4.07242,4.07242,4.07242,4.07242
7.062710824,27,0,äobes,499,13,5.88701,0,0,7.03411,7.03411,7.03411,5.88701
2.726895708,22,0,äobes,450,24,9.0833,0,0,9.0833,9.0833,9.0833,9.0833
3.712315902,23,0,äobes,510,29,9.34994,0,0,9.69735,9.69735,9.69735,9.34994
4.004331536,25,0,äobes,509,27,9.06276,0,0,9.06276,9.06276,9.06276,9.06276
2.712422501,26,1,äobes,515,31,9.21849,1,130,11.71292,9.42451,9.21849,9.21849
3.349204388,28,0,äobes,698,24,8.76065,0,0,8.76065,8.76065,8.76065,8.76065
4.473467774,30,0,äobes,699,26,10.84352,0,0,13.56938,12.37014,10.84352,10.84352
4.724637667,29,0,äobes,700,26,11.24907,0,0,12.78528,12.66136,11.24907,11.24907
3.876716882,25,0,äobes,729,25,1.25623,0,0,1.25623,1.25623,1.25623,1.25623
4.789726028,29,0,äobes,701,26,10.20076,0,0,13.84899,11.64918,10.20076,10.20076
6.042828226,29,0,äobes,728,20,0.98767,0,0,0.98767,0.98767,0.98767,0.98767
4.522661553,31,0,äobes,727,26,1.53594,0,0,1.53594,1.53594,1.53594,1.53594
4.948864188,29,0,äobes,702,26,10.04029,0,0,13.75648,11.38227,10.04029,10.04029
4.553144308,30,0,äobes,705,26,11.68081,0,0,12.06833,12.06833,11.68081,11.68081
3.137860275,25,0,äobes,496,25,2.35157,0,0,11.4138,11.4138,11.4138,2.35157
4.973030082,30,0,äobes,731,24,0.49927,0,0,0.49927,0.49927,0.49927,0.49927
3.902165959,29,2,äobes,730,28,12.49044,1,120,17.57608,12.49044,12.49044,12.49044
4.358045613,30,0,äobes,703,28,9.61065,0,0,14.11274,10.91051,9.61065,9.61065
4.174395727,31,0,äobes,704,28,11.17862,0,0,12.47194,12.35497,11.17862,11.17862
5.503937766,30,0,äobes,514,18,7.52873,0,0,7.52873,7.52873,7.52873,7.52873
4.954410647,26,0,äobes,434,20,11.2624,0,0,11.2624,11.2624,11.2624,11.2624
2.554402121,22,0,äobes,431,26,10.48353,0,0,12.80659,12.80659,10.48353,10.48353
4.109525002,23,0,äobes,435,22,11.29135,0,0,11.29135,11.29135,11.29135,11.29135
2.856747445,23,0,äobes,439,28,12.293,0,0,12.293,12.293,12.293,12.293
2.843253104,24,0,äobes,436,32,11.40379,0,0,11.40379,11.40379,11.40379,11.40379
4.34303796,26,0,äobes,433,23,11.08198,0,0,11.76816,11.76816,11.08198,11.08198
5.976310644,27,0,äobes,532,20,2.72773,0,0,6.70178,2.72773,2.72773,2.72773
4.188162915,30,1,äobes,534,32,1.98295,1,70,9.21849,1.98295,1.98295,1.98295
1.943851209,23,1,äobes,495,35,12.2518,1,20,12.2518,12.2518,12.2518,12.2518
4.732309029,29,0,äobes,533,29,0.73427,0,0,8.75953,1.50063,0.73427,0.73427
3.357152175,27,0,äobes,531,33,2.63129,0,0,6.82991,2.63129,2.63129,2.63129
4.94060503,24,0,äobes,437,20,12.59769,0,0,12.59769,12.59769,12.59769,12.59769
4.547166423,26,0,äobes,432,21,10.0461,0,0,12.93637,12.93637,10.0461,10.0461
7.393331599,32,0,äobes,539,20,2.24896,0,0,11.45553,2.82662,2.24896,2.24896
7.575357032,32,0,äobes,538,20,2.00898,0,0,11.18543,2.49033,2.00898,2.00898
3.496461114,24,0,äobes,438,26,13.08724,0,0,13.09139,13.09139,13.08724,13.08724
4.899704852,32,0,äobes,535,31,0.95151,0,0,9.92747,0.95151,0.95151,0.95151
6.762208589,32,1,äobes,537,22,1.98295,1,110,9.42451,9.42451,1.98295,1.98295
7.366026889,33,0,äobes,536,21,0.93299,0,0,10.34767,0.93299,0.93299,0.93299
5.517496045,31,0,äobes,540,25,3.68639,0,0,12.81197,3.7033,3.68639,3.68639
3.567322851,29,0,äobes,697,26,7.46889,0,0,7.46889,7.46889,7.46889,7.46889
1.704000818,19,0,äobes,494,35,5.01655,0,0,14.49544,14.49544,7.53842,5.01655
3.467258093,30,0,äobes,696,27,6.99774,0,0,6.99774,6.99774,6.99774,6.99774
5.794303268,31,0,äobes,541,24,3.76406,0,0,13.02457,3.76406,3.76406,3.76406
1.790865758,20,0,äobes,493,35,3.61241,0,0,12.25172,12.25172,9.96658,3.61241
6.393516561,32,0,äobes,543,23,2.80191,0,0,12.22159,2.80191,2.80191,2.80191
6.699580186,32,0,äobes,542,22,3.13704,0,0,12.54842,3.13704,3.13704,3.13704
3.576035621,22,0,äobes,481,28,4.47436,0,0,13.81746,13.81746,4.47436,4.47436
5.186900823,28,0,äobes,429,20,6.24365,0,0,10.52113,10.52113,6.24365,6.24365
3.616869294,21,0,äobes,483,27,4.96317,0,0,13.2888,13.2888,4.96317,4.96317
3.363241096,22,0,äobes,482,30,4.52207,0,0,13.37165,13.37165,4.52207,4.52207
5.072979033,28,0,äobes,430,20,6.13491,0,0,10.01074,10.01074,6.13491,6.13491
2.629553282,19,3,äobes,486,32,11.21425,1,60,16.35487,16.26991,11.21425,11.21425
3.437183364,24,0,äobes,428,26,5.46576,0,0,10.11886,10.11886,5.46576,5.46576
3.390157553,21,0,äobes,484,30,1.46463,0,0,14.92761,14.92761,1.46463,1.46463
4.855397944,35,0,äobes,530,23,5.45128,0,0,6.67979,5.45128,5.45128,5.45128
2.989179457,18,0,äobes,492,20,5.66538,0,0,11.63882,11.63882,9.95466,5.66538
4.660491765,34,0,äobes,544,24,5.65528,0,0,14.91539,5.65528,5.65528,5.65528
4.181906119,20,0,äobes,485,25,1.74553,0,0,14.61607,14.61607,1.74553,1.74553
2.831646617,20,0,äobes,286,22,14.0529,0,0,14.0529,14.0529,14.0529,14.0529
3.527830324,29,0,äobes,427,27,4.60005,0,0,8.60149,8.60149,4.60005,4.60005
3.543512765,37,0,äobes,706,28,6.37365,0,0,15.66643,11.57956,6.37365,6.37365
2.968976472,18,0,äobes,522,38,1.29962,0,0,1.29962,1.29962,1.29962,1.29962
4.001477374,20,0,äobes,525,30,1.64093,0,0,1.64093,1.64093,1.64093,1.64093
3.972658896,27,0,äobes,712,24,3.51821,0,0,12.26123,12.26123,3.51821,3.51821
4.656691468,19,0,äobes,487,22,2.07511,0,0,14.85211,14.45516,2.07511,2.07511
4.647764293,17,1,äobes,520,25,1.16071,1,120,1.16071,1.16071,1.16071,1.16071
8.603996363,16,0,äobes,523,15,1.82332,0,0,1.82332,1.82332,1.82332,1.82332
4.010143292,20,0,äobes,488,25,2.38259,0,0,14.53987,14.27129,2.38259,2.38259
4.53067746,27,0,äobes,711,22,2.90617,0,0,13.01294,13.01294,2.90617,2.90617
2.901783068,22,7,äobes,526,37,4.127,1,120,4.127,4.127,4.127,4.127
2.46260667,19,0,äobes,217,27,13.35818,0,0,22.27858,21.35091,13.35818,13.35818
3.143374688,16,0,äobes,524,35,1.53582,0,0,1.53582,1.53582,1.53582,1.53582
2.999143301,16,1,äobes,519,35,1.16071,1,120,1.16071,1.16071,1.16071,1.16071
2.58699819,16,0,äobes,518,36,1.93901,0,0,1.93901,1.93901,1.93901,1.93901
3.935060884,15,0,äobes,521,28,1.23817,0,0,1.23817,1.23817,1.23817,1.23817
2.588342088,15,0,äobes,517,37,1.49571,0,0,1.49571,1.49571,1.49571,1.49571
3.959013822,23,0,äobes,527,25,1.51718,0,0,1.51718,1.51718,1.51718,1.51718
2.766220868,29,0,äobes,284,31,10.89476,0,0,10.89476,10.89476,10.89476,10.89476
2.548713958,15,0,äobes,489,28,4.17132,0,0,15.29061,12.09863,4.17132,4.17132
2.352322195,24,0,äobes,285,32,11.71856,0,0,11.71856,11.71856,11.71856,11.71856
2.82385629,16,0,äobes,490,25,4.79572,0,0,15.48893,11.48335,4.79572,4.79572
5.87178494,34,0,äobes,529,19,6.79014,0,0,6.79014,6.79014,6.79014,6.79014
4.706925141,27,0,äobes,546,23,7.46178,0,0,10.56537,7.46178,7.46178,7.46178
4.617401272,24,0,äobes,707,22,1.37519,0,0,14.89105,14.89105,1.37519,1.37519
5.777243748,34,0,äobes,425,18,0.565,0,0,5.57046,5.57046,0.565,0.565
3.421238876,27,0,äobes,545,30,7.85381,0,0,11.2032,7.85381,7.85381,7.85381
4.432394456,23,0,äobes,708,24,0.60791,0,0,14.7119,14.7119,0.60791,0.60791
3.694554071,25,0,äobes,213,23,10.77724,0,0,22.05949,18.82481,10.77724,10.77724
3.270779554,33,1,äobes,426,29,5.6172,1,70,5.6172,5.6172,5.6172,5.6172
4.10013254,30,0,äobes,547,26,8.65326,0,0,9.8835,8.65326,8.65326,8.65326
2.278575288,33,0,äobes,528,43,5.8472,0,0,5.8472,5.8472,5.8472,5.8472
4.066231771,30,0,äobes,283,23,7.99626,0,0,7.99626,7.99626,7.99626,7.99626
5.458478088,28,0,äobes,282,17,7.70878,0,0,7.70878,7.70878,7.70878,7.70878
2.788458897,24,0,äobes,280,26,12.43619,0,0,14.21647,14.21647,12.43619,12.43619
3.800995087,29,0,äobes,550,26,11.19099,0,0,13.70684,11.19099,11.19099,11.19099
4.320974353,30,0,äobes,548,24,11.20022,0,0,12.861,11.20022,11.20022,11.20022
4.050960243,27,0,äobes,281,20,11.96975,0,0,14.08504,14.08504,11.96975,11.96975
3.560745249,26,0,äobes,549,26,11.85552,0,0,13.51923,11.85552,11.85552,11.85552
3.689604022,29,0,äobes,424,23,2.74218,0,0,2.74218,2.74218,2.74218,2.74218
3.350410808,27,1,äobes,422,29,0.62924,1,120,0.62924,0.62924,0.62924,0.62924
3.223635805,27,2,äobes,423,30,0.62924,1,140,0.62924,0.62924,0.62924,0.62924
3.431855897,27,1,äobes,418,32,0.74142,1,90,0.74142,0.74142,0.74142,0.74142
5.084666852,27,4,äobes,419,22,0.74142,1,130,3.99796,3.99796,0.74142,0.74142
4.759628668,26,0,äobes,417,24,0.89273,0,0,1.29386,1.29386,0.89273,0.89273
4.842555672,31,0,äobes,276,20,7.1923,0,0,7.1923,7.1923,7.1923,7.1923
4.409612737,30,0,äobes,278,24,3.66842,0,0,3.66842,3.66842,3.66842,3.66842
4.670095659,30,0,äobes,277,23,3.46281,0,0,3.46281,3.46281,3.46281,3.46281
3.611310435,27,0,äobes,416,30,1.18588,0,0,1.30954,1.30954,1.18588,1.18588
4.501758317,34,0,äobes,275,23,8.4594,0,0,8.4594,8.4594,8.4594,8.4594
4.8273995,32,0,äobes,414,22,6.46492,0,0,6.46492,6.46492,6.46492,6.46492
3.946118818,33,0,äobes,256,28,1.10431,0,0,22.40605,10.44218,1.10431,1.10431
3.586401851,24,0,äobes,576,28,6.90479,0,0,6.90479,6.90479,6.90479,6.90479
2.549327885,18,1,äobes,658,28,0.71507,1,100,18.29488,18.29488,0.71507,0.71507
4.796860816,31,0,äobes,415,22,7.39036,0,0,7.39036,7.39036,7.39036,7.39036
6.44289663,33,0,äobes,413,18,7.09133,0,0,7.09133,7.09133,7.09133,7.09133
6.176580612,21,0,äobes,575,14,4.5255,0,0,4.5255,4.5255,4.5255,4.5255
3.778096495,25,0,äobes,577,28,7.18818,0,0,7.18818,7.18818,7.18818,7.18818
3.518325589,34,0,äobes,274,30,6.18427,0,0,6.18427,6.18427,6.18427,6.18427
2.225418475,17,1,äobes,657,31,0.71507,1,80,18.86871,0.71507,0.71507,0.71507
3.695978931,32,0,äobes,259,26,3.37712,0,0,20.11589,11.98987,3.37712,3.37712
8.037507242,34,0,äobes,411,14,6.87675,0,0,6.87675,6.87675,6.87675,6.87675
5.543132072,35,0,äobes,257,20,1.54316,0,0,22.03964,10.20266,1.54316,1.54316
3.715783109,22,0,äobes,579,28,6.55405,0,0,6.55405,6.55405,6.55405,6.55405
6.096040216,33,0,äobes,412,18,7.47375,0,0,7.47375,7.47375,7.47375,7.47375
3.827332556,31,0,äobes,258,24,5.02744,0,0,18.63783,13.29939,5.02744,5.02744
4.81947492,35,0,äobes,420,22,5.35778,0,0,5.35778,5.35778,5.35778,5.35778
3.555105313,22,0,äobes,578,28,5.82042,0,0,5.82042,5.82042,5.82042,5.82042
2.569919949,25,0,äobes,551,26,13.09686,0,0,13.09686,13.09686,13.09686,13.09686
2.557355581,20,0,äobes,574,34,2.62942,0,0,2.62942,2.62942,2.62942,2.62942
2.624009361,19,0,äobes,573,34,2.5339,0,0,2.5339,2.5339,2.5339,2.5339
4.439092337,33,0,äobes,660,29,6.57987,0,0,13.29262,6.93464,6.57987,6.57987
5.616759215,32,0,äobes,659,23,6.19395,0,0,13.68193,6.51194,6.19395,6.19395
6.034187274,30,0,äobes,655,18,3.73192,0,0,16.5127,3.73192,3.73192,3.73192
5.10333066,32,0,äobes,661,26,6.27079,0,0,13.65441,7.2486,6.27079,6.27079
5.792494418,28,0,äobes,654,19,2.77186,0,0,17.62613,3.96191,2.77186,2.77186
4.357159553,21,0,äobes,656,21,2.55517,0,0,18.91614,3.44539,2.55517,2.55517
5.65638001,33,0,äobes,662,23,6.87337,0,0,13.28286,8.26998,6.87337,6.87337
6.579488814,33,0,äobes,421,16,7.87369,0,0,7.87369,7.87369,7.87369,7.87369
6.616234317,32,0,äobes,663,20,6.42894,0,0,13.73761,8.04369,6.42894,6.42894
4.247906849,31,0,äobes,261,28,9.62258,0,0,15.67861,15.67861,9.62258,9.62258
4.036920048,23,0,äobes,572,26,1.00415,0,0,1.00415,1.00415,1.00415,1.00415
5.385137027,30,0,äobes,260,22,8.96096,0,0,16.41797,15.83988,8.96096,8.96096
4.323460494,30,0,äobes,268,32,10.79223,0,0,13.45422,13.45422,12.01347,10.79223
3.364291788,29,1,äobes,570,32,14.27619,1,120,17.29115,14.27619,14.27619,14.27619
5.012782291,28,0,äobes,262,22,8.96036,0,0,16.93263,15.49189,8.96036,8.96036
4.356380991,25,0,äobes,571,24,1.3421,0,0,1.3421,1.3421,1.3421,1.3421
4.471851344,30,0,äobes,269,32,10.74066,0,0,14.25644,14.25644,12.08378,10.74066
5.164087776,28,0,äobes,270,28,10.08324,0,0,13.5282,13.5282,11.38191,10.08324
4.880097687,28,0,äobes,273,22,8.38901,0,0,11.31308,11.31308,9.05028,8.38901
6.358197725,29,0,äobes,271,24,10.13157,0,0,14.11718,14.11718,11.58783,10.13157
1.721438139,17,0,äobes,650,25,10.89298,0,0,11.63379,11.53704,10.89298,10.89298
4.184400262,28,0,äobes,653,26,1.406,0,0,18.60926,6.1943,1.406,1.406
4.067577304,36,0,äobes,410,28,10.506,0,0,11.53843,11.53843,10.506,10.506
5.435822531,29,0,äobes,272,26,9.60661,0,0,14.21685,14.21685,11.13699,9.60661
2.902444919,20,0,äobes,651,31,0.67866,0,0,20.42073,5.88527,0.67866,0.67866
3.436181951,24,1,äobes,652,30,5.52965,1,60,19.87208,5.99874,5.52965,5.52965
4.152973814,41,0,äobes,342,26,4.36003,0,0,10.10221,10.10221,4.36003,4.36003
5.599648051,32,0,äobes,664,20,5.11777,0,0,17.37037,9.6505,5.11777,5.11777
5.385079457,29,0,äobes,406,23,9.3513,0,0,13.02024,13.02024,9.3513,9.3513
3.243970674,33,0,äobes,582,35,8.84187,0,0,8.84187,8.84187,8.84187,8.84187
6.301576631,32,0,äobes,581,20,8.06286,0,0,8.06286,8.06286,8.06286,8.06286
8.358305503,30,0,äobes,407,16,9.9629,0,0,13.499,13.499,9.9629,9.9629
6.151684102,30,0,äobes,408,21,10.17681,0,0,13.86672,13.86672,10.17681,10.17681
3.55963311,33,0,äobes,580,34,8.50038,0,0,8.50038,8.50038,8.50038,8.50038
3.524944957,28,0,äobes,405,31,8.28955,0,0,12.89272,12.89272,8.28955,8.28955
7.641958535,28,0,äobes,404,16,8.43811,0,0,13.33849,13.33849,8.43811,8.43811
4.107581224,29,0,äobes,409,28,10.24458,0,0,14.51632,14.51632,10.24458,10.24458
5.412305905,37,0,äobes,267,26,7.4278,0,0,16.23028,16.23028,9.74992,7.4278
5.127747182,33,0,äobes,341,21,3.54313,0,0,13.74164,13.74164,5.13576,3.54313
4.197518149,36,0,äobes,583,28,8.45692,0,0,8.45692,8.45692,8.45692,8.45692
5.101825208,28,0,äobes,403,21,8.81432,0,0,14.44846,14.44846,8.81432,8.81432
4.349474677,39,0,äobes,263,32,8.32386,0,0,17.47821,17.47821,10.854,8.32386
5.214680585,35,0,äobes,266,26,6.31795,0,0,16.60211,16.42732,8.88206,6.31795
2.58020426,31,1,äobes,338,32,3.24768,1,60,13.63517,13.63517,13.63517,3.24768
4.182497752,36,0,äobes,264,32,7.70385,0,0,18.0056,16.48606,10.437,7.70385
5.325931801,36,0,äobes,265,26,6.74641,0,0,17.52611,15.98449,9.49445,6.74641
3.951976652,29,0,äobes,665,28,5.61283,0,0,18.84624,11.53733,5.61283,5.61283
3.345512108,27,0,äobes,666,34,6.01761,0,0,18.25662,11.82678,6.01761,6.01761
2.907150864,25,0,äobes,667,37,6.70515,0,0,17.49791,12.37982,6.70515,6.70515
6.184885249,40,0,äobes,584,22,7.89623,0,0,7.89623,7.89623,7.89623,7.89623
4.922091198,28,0,äobes,645,24,11.84378,0,0,11.84378,11.84378,11.84378,11.84378
4.815167162,30,0,äobes,643,26,10.96573,0,0,10.96573,10.96573,10.96573,10.96573
5.325313434,29,0,äobes,646,24,11.84683,0,0,11.84683,11.84683,11.84683,11.84683
3.426017386,26,0,äobes,669,30,7.90789,0,0,16.31621,13.35824,7.90789,7.90789
6.971700177,28,0,äobes,644,19,11.45689,0,0,11.45689,11.45689,11.45689,11.45689
7.13088513,28,0,äobes,647,16,12.58654,0,0,12.58654,12.58654,12.58654,12.58654
7.949997377,27,0,äobes,668,15,7.76019,0,0,16.43692,13.30311,7.76019,7.76019
5.476164063,39,0,äobes,586,24,8.05761,0,0,8.69884,8.05761,8.05761,8.05761
5.613266813,40,0,äobes,585,24,7.63796,0,0,8.333,7.63796,7.63796,7.63796
5.425448863,43,0,äobes,587,26,7.06376,0,0,7.59167,7.06376,7.06376,7.06376
5.975148115,32,0,äobes,642,21,10.45017,0,0,10.71295,10.45017,10.45017,10.45017
5.069579363,35,0,äobes,290,18,11.64348,0,0,17.85883,11.64348,11.64348,11.64348
3.838081238,34,1,äobes,339,28,3.24768,1,30,15.18996,13.68787,3.24768,3.24768
4.721127077,42,0,äobes,588,30,6.35064,0,0,8.0984,6.35064,6.35064,6.35064
5.110318684,33,0,äobes,670,22,7.40517,0,0,17.24319,13.33591,7.40517,7.40517
6.081577444,29,0,äobes,648,20,10.99367,0,0,12.33477,10.99367,10.99367,10.99367
5.520360981,30,0,äobes,649,22,10.20767,0,0,11.70004,10.20767,10.20767,10.20767
4.055498961,31,0,äobes,340,26,1.0418,0,0,15.02808,12.90004,4.24773,1.0418
4.205026451,43,0,äobes,589,34,5.79063,0,0,8.93963,5.79063,5.79063,5.79063
4.92685478,43,0,äobes,590,29,5.78313,0,0,10.7462,5.78313,5.78313,5.78313
8.981916135,43,0,äobes,591,17,5.19761,0,0,10.94752,5.19761,5.19761,5.19761
6.197258888,40,0,äobes,592,22,5.6875,0,0,11.61291,5.6875,5.6875,5.6875
3.340661972,31,0,äobes,289,28,10.28718,0,0,14.61089,12.91717,12.76052,10.28718
3.799629156,34,0,äobes,288,27,10.70201,0,0,14.73206,13.68144,13.55947,10.70201
4.222552946,34,0,äobes,287,24,10.27161,0,0,14.03528,14.03528,14.03528,10.27161
7.140074077,41,0,äobes,597,20,2.86811,0,0,12.37703,2.86811,2.86811,2.86811
10.75013806,42,0,äobes,596,14,3.38894,0,0,12.71738,3.38894,3.38894,3.38894
4.197463364,32,0,äobes,347,28,4.9188,0,0,10.99852,8.97543,6.69961,4.9188
6.816240559,42,0,äobes,598,21,2.40324,0,0,13.0464,2.40324,2.40324,2.40324
8.68811218,32,0,äobes,344,16,5.26993,0,0,11.60507,8.41811,7.49844,5.26993
3.867194941,33,0,äobes,343,32,5.59497,0,0,12.48318,8.28504,8.17824,5.59497
7.072082927,43,0,äobes,593,20,3.95004,0,0,13.79166,3.95004,3.95004,3.95004
5.864243907,44,0,äobes,594,24,3.55447,0,0,14.05312,3.55447,3.55447,3.55447
5.992817295,32,0,äobes,346,22,5.79302,0,0,10.79759,7.96435,7.75202,5.79302
4.877739815,34,0,äobes,345,28,6.01512,0,0,11.32683,7.67428,7.67428,6.01512
7.870589532,45,0,äobes,595,18,2.34747,0,0,14.08769,2.34747,2.34747,2.34747
5.929750999,40,0,äobes,299,25,10.12704,0,0,16.9913,10.12704,10.12704,10.12704
5.395105874,42,2,äobes,599,22,14.27619,1,110,14.27619,14.27619,14.27619,14.27619
5.401972613,40,0,äobes,298,28,9.58639,0,0,17.16503,9.58639,9.58639,9.58639
11.08215522,37,0,äobes,348,13,6.68028,0,0,11.21961,7.02391,7.02391,6.68028
7.752783484,40,0,äobes,297,21,9.46143,0,0,17.01975,9.46143,9.46143,9.46143
4.803277743,30,0,äobes,632,23,12.85096,0,0,19.43635,12.85096,12.85096,12.85096
9.040780099,40,0,äobes,296,18,9.36494,0,0,16.7433,9.36494,9.36494,9.36494
4.754586035,32,0,äobes,631,24,11.93379,0,0,19.1071,11.93379,11.93379,11.93379
4.450766894,29,0,äobes,633,24,13.80077,0,0,19.69073,13.80077,13.80077,13.80077
5.672496356,39,0,äobes,295,26,8.28325,0,0,16.40291,8.28325,8.28325,8.28325
4.022850848,22,0,äobes,637,26,15.40675,0,0,16.79244,16.79244,15.40675,15.40675
5.178506515,30,0,äobes,636,22,12.20434,0,0,19.49333,12.20434,12.20434,12.20434
5.489413385,38,0,äobes,294,26,8.33831,0,0,16.21933,8.33831,8.33831,8.33831
2.322097001,20,0,äobes,638,42,15.93098,0,0,16.24861,16.24861,15.93098,15.93098
4.933867068,31,0,äobes,292,20,8.4569,0,0,10.32668,10.32668,10.32668,8.4569
5.688448603,19,0,äobes,640,20,15.53333,0,0,15.53333,15.53333,15.53333,15.53333
6.667500793,32,0,äobes,635,18,12.77039,0,0,19.33019,12.77039,12.77039,12.77039
6.499480891,32,0,äobes,634,18,13.16745,0,0,19.41505,13.16745,13.16745,13.16745
3.710898192,32,0,äobes,291,26,7.05788,0,0,9.32518,9.32518,9.32518,7.05788
3.348934409,18,0,äobes,639,31,15.30505,0,0,15.30505,15.30505,15.30505,15.30505
2.795991513,19,0,äobes,641,34,14.89545,0,0,14.89545,14.89545,14.89545,14.89545
3.094301716,19,0,äobes,389,20,5.41882,0,0,5.41882,5.41882,5.41882,5.41882
6.261241391,33,0,äobes,349,18,3.95229,0,0,9.7276,3.95229,3.95229,3.95229
3.585178016,25,0,äobes,388,30,2.08803,0,0,2.08803,2.08803,2.08803,2.08803
2.390052731,22,0,äobes,395,32,10.10788,0,0,10.10788,10.10788,10.10788,10.10788
4.195204466,28,0,äobes,386,31,1.14574,0,0,1.14574,1.14574,1.14574,1.14574
2.617790081,25,0,äobes,394,32,9.60421,0,0,9.60421,9.60421,9.60421,9.60421
4.152377816,29,0,äobes,383,31,0.48055,0,0,0.48055,0.48055,0.48055,0.48055
3.435825194,20,0,äobes,390,22,3.70421,0,0,3.70421,3.70421,3.70421,3.70421
5.612434217,31,0,äobes,305,25,9.91229,0,0,11.37062,9.91229,9.91229,9.91229
4.802576731,30,0,äobes,387,28,1.21781,0,0,1.21781,1.21781,1.21781,1.21781
4.725991001,33,0,äobes,306,30,10.30213,0,0,10.94649,10.30213,10.30213,10.30213
4.093307859,36,0,äobes,350,30,1.29103,0,0,9.57301,1.29103,1.29103,1.29103
4.458931043,32,2,äobes,384,30,9.90569,1,120,13.6663,9.90569,9.90569,9.90569
5.189052047,30,0,äobes,385,25,0.95133,0,0,0.95133,0.95133,0.95133,0.95133
5.558098253,30,0,äobes,304,25,9.37107,0,0,11.46233,9.37107,9.37107,9.37107
3.710514554,35,0,äobes,351,32,1.02677,0,0,9.0375,1.02677,1.02677,1.02677
8.408557928,31,0,äobes,393,12,8.30481,0,0,8.30481,8.30481,8.30481,8.30481
8.07431062,33,0,äobes,353,14,1.59741,0,0,11.34674,1.59741,1.59741,1.59741
3.38692455,22,0,äobes,391,24,7.52349,0,0,7.52349,7.52349,7.52349,7.52349
7.056483416,29,0,äobes,301,29,9.79444,0,0,9.79444,9.79444,9.79444,9.79444
3.465568695,35,3,äobes,352,33,9.90569,1,100,9.90569,9.90569,9.90569,9.90569
3.030271717,26,0,äobes,392,29,7.94169,0,0,7.94169,7.94169,7.94169,7.94169
5.216688245,32,0,äobes,382,20,3.28553,0,0,3.28553,3.28553,3.28553,3.28553
4.425618494,40,0,äobes,629,26,10.47166,0,0,10.47166,10.47166,10.47166,10.47166
5.03163872,33,0,äobes,381,20,5.62434,0,0,5.62434,5.62434,5.62434,5.62434
5.369667868,39,0,äobes,676,23,10.87378,0,0,10.87378,10.87378,10.87378,10.87378
5.76075331,37,0,äobes,678,22,11.55677,0,0,11.59885,11.55677,11.55677,11.55677
7.543667312,32,0,äobes,379,14,7.76815,0,0,7.76815,7.76815,7.76815,7.76815
4.703035187,31,0,äobes,380,21,7.96019,0,0,7.96019,7.96019,7.96019,7.96019
3.803936213,34,0,äobes,677,31,10.67585,0,0,10.67585,10.67585,10.67585,10.67585
4.288281377,32,0,äobes,396,30,0.62796,0,0,0.62796,0.62796,0.62796,0.62796
4.596926058,29,0,äobes,679,23,12.80442,0,0,13.55924,12.80442,12.80442,12.80442